7.681951752392544019e-01,-9.380318479730931358e+00
7.738631750302433776e-01,-8.298572532665843937e+00
7.795311748212323533e-01,-6.766956615716026135e+00
7.851991746122213289e-01,-5.493280552096962310e+00
7.908671744032103046e-01,-4.440725258773795758e+00
7.965351741941992803e-01,-4.227928195681215584e+00
8.022031739851883669e-01,-5.285843717284251397e+00
8.078711737761772316e-01,-4.563919830392023869e+00
8.135391735671662072e-01,-4.385017627751722102e+00
8.192071733581552939e-01,-2.987281405234512022e+00
8.248751731491442696e-01,-3.013884755587582731e+00
8.305431729401332452e-01,-1.805755177807327527e+00
8.362111727311222209e-01,1.340395020315554575e-02
8.418791725221110855e-01,5.080606372598595044e-01
8.475471723131001722e-01,1.426459747647072618e+00
8.532151721040891479e-01,9.827885284621515893e-01
8.588831718950781235e-01,1.813536472895521001e+00
8.645511716860672102e-01,2.230058796794423870e+00
8.702191714770560749e-01,1.696054466005989525e+00
8.758871712680450505e-01,4.918264438564619923e+00
8.815551710590340262e-01,7.453771469380058079e+00
8.872231708500230019e-01,8.105928724755813164e+00
8.928911706410120885e-01,6.116234981417164818e+00
8.985591704320010642e-01,6.322984329826795147e+00
9.042271702229900399e-01,6.940325352635227318e+00
9.098951700139790155e-01,7.061190812180598186e+00
9.155631698049678802e-01,6.847910443456953544e+00
9.212311695959569668e-01,7.560104020520611812e+00
9.268991693869459425e-01,1.011089473539777828e+01
9.325671691779349182e-01,9.649794940269657673e+00
9.382351689689240049e-01,8.047325288099159479e+00
9.439031687599129805e-01,6.926203697474420551e+00
9.495711685509018452e-01,8.535857071358577741e+00
9.552391683418909318e-01,8.551981843964085783e+00
9.609071681328797965e-01,8.116216832316922591e+00
9.665751679238688832e-01,9.000938158129542899e+00
9.722431677148579698e-01,9.399054169677810933e+00
9.779111675058468345e-01,8.795648508205545113e+00
9.835791672968358101e-01,8.840965947769632294e+00
9.892471670878246748e-01,9.961801555395709329e+00
9.949151668788137615e-01,1.081584639420248095e+01
1.000583166669802848e+00,9.400548268902753080e+00
1.006251166460791602e+00,1.047368810292437047e+01
1.011919166251780799e+00,1.106346762378825588e+01
1.017587166042769553e+00,1.164523211370249101e+01
1.023255165833758751e+00,1.192058417909504442e+01
1.028923165624747726e+00,1.214697359436172519e+01
1.034591165415736702e+00,1.155157669639822871e+01
1.040259165206725678e+00,1.090893310335104616e+01
1.045927164997714431e+00,1.075871915211587293e+01
1.051595164788703629e+00,1.222471762490124547e+01
1.057263164579692605e+00,1.272935632344717760e+01
1.062931164370681802e+00,1.312359088152470576e+01
1.068599164161670556e+00,1.364863572196679797e+01
1.074267163952659310e+00,1.394621796292005911e+01
1.079935163743648507e+00,1.268046462487393455e+01
1.085603163534637483e+00,1.194122294316230182e+01
1.091271163325626681e+00,1.171732696952460628e+01
1.096939163116615434e+00,1.310307950570063440e+01
1.102607162907604632e+00,1.360611343155505892e+01
1.108275162698593386e+00,1.380242100195312105e+01
1.113943162489582361e+00,1.385905006884581780e+01
1.119611162280571559e+00,1.330873571628217178e+01
1.125279162071560535e+00,1.276617438711650721e+01
1.130947161862549510e+00,1.355626760232757988e+01
1.136615161653538264e+00,1.361768641414482772e+01
1.142283161444527240e+00,1.359869660135996128e+01
1.147951161235516437e+00,1.371677780995230478e+01
1.153619161026505413e+00,1.363679738121322771e+01
1.159287160817494389e+00,1.254632773455978167e+01
1.164955160608483142e+00,1.286823181675231353e+01
1.170623160399472340e+00,1.366868312142628383e+01
1.176291160190461316e+00,1.358746354065453943e+01
1.181959159981450291e+00,1.261884715401026824e+01
1.187627159772439267e+00,1.218862659575358975e+01
1.193295159563428021e+00,1.249877858217644189e+01
1.198963159354417218e+00,1.218676566941417150e+01
1.204631159145406194e+00,1.343399572610258019e+01
1.210299158936395170e+00,1.325116128884508271e+01
1.215967158727384145e+00,1.272604229659066277e+01
1.221635158518373121e+00,1.237763206719284881e+01
1.227303158309362097e+00,1.249688938496194623e+01
1.232971158100351072e+00,1.198204407972048102e+01
1.238639157891340270e+00,1.072912152587161927e+01
1.244307157682329246e+00,1.032402746891250445e+01
1.249975157473317999e+00,9.849921072308575276e+00
1.255643157264306975e+00,9.463691968276179978e+00
1.261311157055295951e+00,9.328577445280870961e+00
1.266979156846285148e+00,9.238613131632405384e+00
1.272647156637274124e+00,9.916118347046335657e+00
1.278315156428263100e+00,9.896888973738441564e+00
1.283983156219251853e+00,9.225876167362230262e+00
1.289651156010240829e+00,8.902926103102572597e+00
1.295319155801230027e+00,8.121610542080816231e+00
1.300987155592219002e+00,7.803223413388309382e+00
1.306655155383207978e+00,7.224771536740718147e+00
1.312323155174196954e+00,6.921379407635185999e+00
1.317991154965185929e+00,6.217295056724992719e+00
1.323659154756174905e+00,5.523924717788304406e+00
1.329327154547163881e+00,5.241871401947378217e+00
1.334995154338152856e+00,5.904611655480493937e+00
1.340663154129141832e+00,6.350183323315377493e+00
1.346331153920130808e+00,5.975811827791176256e+00
1.351999153711119783e+00,5.487129104740347429e+00
1.357667153502108759e+00,4.689742675932052407e+00
1.363335153293097957e+00,4.175148735011816825e+00
1.369003153084086710e+00,4.716545135780052078e+00
1.374671152875075686e+00,4.656221528913306429e+00
1.380339152666064662e+00,3.950725377587332332e+00
1.386007152457053859e+00,3.561609027790495929e+00
1.391675152248042835e+00,2.776047384105481797e+00
1.397343152039031589e+00,2.194813983926792389e+00
1.403011151830020564e+00,1.574260977930521221e+00
1.408679151621009540e+00,8.910163956990118095e-01
1.414347151411998738e+00,7.020305324393802948e-01
1.420015151202987713e+00,1.329878683359197566e+00
1.425683150993976467e+00,1.037260655384329766e+00
1.431351150784965665e+00,3.938830913783704091e-01
1.437019150575954418e+00,-1.557915064203143629e-01
1.442687150366943616e+00,-1.608919443667673477e-01
1.448355150157932592e+00,-1.610255444414860904e-01
1.454023149948921789e+00,-1.121095478534357426e+00
1.459691149739910543e+00,-1.624485681457031205e+00
1.465359149530899296e+00,-1.423162070743501317e+00
1.471027149321888494e+00,-1.044298083459239024e+00
1.476695149112877470e+00,-1.893302019950624526e+00
1.482363148903866668e+00,-2.667269192282901713e+00
1.488031148694855421e+00,-2.353272939865405533e+00
1.493699148485844397e+00,-2.359956426325652501e+00
1.499367148276833372e+00,-3.497879319197863879e+00
1.505035148067822348e+00,-4.304652067265806181e+00
1.510703147858811546e+00,-4.056227404470064357e+00
1.516371147649800299e+00,-3.953667928032018608e+00
1.522039147440789275e+00,-4.048866313298503883e+00
1.527707147231778251e+00,-4.290748927022036696e+00
1.533375147022767226e+00,-3.711310983611383563e+00
1.539043146813756424e+00,-4.177508634976220492e+00
1.544711146604745400e+00,-4.451439634587700311e+00
1.550379146395734153e+00,-5.231908278886407970e+00
1.556047146186723129e+00,-6.437079215874859983e+00
1.561715145977712327e+00,-7.106454984180800238e+00
1.567383145768701302e+00,-7.074339867485150535e+00
1.573051145559690278e+00,-7.299557629680293758e+00
1.578719145350679032e+00,-7.831998428148722269e+00
1.584387145141668007e+00,-8.440485525742246864e+00
1.590055144932657205e+00,-7.934796775156087278e+00
1.595723144723646181e+00,-8.623367255647963248e+00
1.601391144514635156e+00,-9.030818569913321880e+00
1.607059144305624354e+00,-8.670724957366019225e+00
1.612727144096612886e+00,-8.343770032420025018e+00
1.618395143887602083e+00,-8.490407917302150054e+00
1.624063143678591059e+00,-9.768133749863523008e+00
1.629731143469580257e+00,-1.089468436717493205e+01
1.635399143260569232e+00,-1.126406613755625585e+01
1.641067143051557764e+00,-1.105592996057794153e+01
1.646735142842546962e+00,-1.028854978268520881e+01
1.652403142633535937e+00,-1.001425716751089112e+01
1.658071142424525135e+00,-9.988081432594071885e+00
1.663739142215514111e+00,-1.014205384859849346e+01
1.669407142006502864e+00,-1.019220226821994402e+01
1.675075141797491840e+00,-1.004351938790318854e+01
1.680743141588480816e+00,-1.052372877307527688e+01
1.686411141379470013e+00,-1.133000529711978288e+01
1.692079141170458989e+00,-1.140976935083926946e+01
1.697747140961447743e+00,-1.140203068050539059e+01
1.703415140752436718e+00,-1.151977364176434548e+01
1.709083140543425694e+00,-1.197970573479369705e+01
1.714751140334414892e+00,-1.183886649102123556e+01
1.720419140125403867e+00,-1.137591409421816024e+01
1.726087139916393065e+00,-1.092700184534362506e+01
1.731755139707381597e+00,-1.072879574066905661e+01
1.737423139498370794e+00,-1.083729771396531305e+01
1.743091139289359770e+00,-1.105155169119177572e+01
1.748759139080348746e+00,-1.085089944986987121e+01
1.754427138871337943e+00,-1.082961196673920767e+01
1.760095138662326475e+00,-1.072972633182178015e+01
1.765763138453315673e+00,-1.065564535779481048e+01
1.771431138244304648e+00,-1.096421326358643000e+01
1.777099138035293624e+00,-1.113501596734226951e+01
1.782767137826282822e+00,-1.052935325439693770e+01
1.788435137617271353e+00,-9.410014167896406434e+00
1.794103137408260551e+00,-8.408746260196039657e+00
1.799771137199249527e+00,-8.308179948611609689e+00
1.805439136990238724e+00,-8.523270858886121459e+00
1.811107136781227700e+00,-8.805461433169853080e+00
1.816775136572216676e+00,-7.925725363611718421e+00
1.822443136363205429e+00,-7.342048061111881907e+00
1.828111136154194405e+00,-7.350671772506757407e+00
1.833779135945183603e+00,-7.591222533696395658e+00
1.839447135736172578e+00,-6.163714564174028965e+00
1.845115135527161554e+00,-4.463206028745617004e+00
1.850783135318150308e+00,-3.901539760185301020e+00
1.856451135109139283e+00,-4.503351560018131750e+00
1.862119134900128481e+00,-4.196719612581091496e+00
1.867787134691117457e+00,-3.499321711586162564e+00
1.873455134482106654e+00,-2.413637896839077257e+00
1.879123134273095186e+00,-1.702280044083522625e+00
1.884791134064084384e+00,-9.551915720311399127e-01
1.890459133855073359e+00,-4.937612118944798567e-01
1.896127133646062335e+00,5.072287504272026126e-01
1.901795133437051533e+00,1.993784603253061505e+00
1.907463133228040064e+00,3.403061808656616449e+00
1.913131133019029262e+00,3.428560570605213798e+00
1.918799132810018238e+00,4.528001555882610774e+00
1.924467132601007213e+00,4.749925743773815157e+00
1.930135132391996411e+00,5.113699308874515737e+00
1.935803132182985387e+00,6.607682566406992919e+00
1.941471131973974140e+00,7.825704581592276554e+00
1.947139131764963116e+00,8.699362974340488108e+00
1.952807131555952314e+00,9.812477044247316371e+00
1.958475131346941289e+00,1.040719128622254175e+01
1.964143131137930265e+00,1.144873369126912621e+01
1.969811130928919019e+00,1.247935861757684961e+01
1.975479130719907994e+00,1.423754845068049235e+01
1.981147130510897192e+00,1.608477141595767534e+01
1.986815130301886168e+00,1.756138978175511056e+01
1.992483130092875143e+00,1.921527314063825997e+01
1.998151129883863897e+00,2.064763581173508555e+01
2.003819129674853095e+00,2.177329074698593558e+01
2.009487129465842070e+00,2.221139660145615835e+01
2.015155129256831046e+00,2.224297726458632951e+01
2.020823129047820021e+00,2.292499602196448905e+01
2.026491128838808997e+00,2.443239493517671690e+01
2.032159128629797973e+00,2.483922440726917102e+01
2.037827128420786948e+00,2.479900261472573675e+01
2.043495128211775924e+00,2.587046013637404940e+01
2.049163128002764900e+00,2.685854337135390324e+01
2.054831127793754320e+00,2.748720506646179729e+01
2.060499127584742851e+00,2.895726564427513949e+01
2.066167127375731827e+00,3.098852746096497413e+01
2.071835127166720802e+00,3.250849550942177757e+01
2.077503126957709778e+00,3.307492380597284409e+01
2.083171126748699198e+00,3.443916988257092271e+01
2.088839126539687729e+00,3.592168306804330769e+01
2.094507126330676705e+00,3.711287118731127066e+01
2.100175126121665681e+00,3.831542233873369696e+01
2.105843125912654656e+00,3.972661690582538085e+01
2.111511125703644076e+00,4.134628654163316241e+01
2.117179125494632608e+00,4.303736104373399485e+01
2.122847125285621583e+00,4.477965253392437717e+01
2.128515125076610559e+00,4.664556346603194470e+01
2.134183124867599535e+00,4.860312576191506651e+01
2.139851124658588954e+00,4.993305278977379658e+01
2.145519124449577930e+00,5.120243445615233213e+01
2.151187124240566462e+00,5.293252326525043827e+01
2.156855124031555437e+00,5.528306049079958484e+01
2.162523123822544857e+00,5.763143877371828694e+01
2.168191123613533833e+00,6.022266550101937810e+01
2.173859123404522808e+00,6.319365479799614604e+01
2.179527123195511340e+00,6.619169676650551537e+01
2.185195122986500316e+00,6.949927437949702380e+01
2.190863122777489735e+00,7.260870947710816381e+01
2.196531122568478711e+00,7.626336149713279156e+01
2.202199122359467687e+00,8.020225638127112688e+01
2.207867122150456218e+00,8.395635122356691227e+01
2.213535121941445194e+00,8.830873934853229912e+01
2.219203121732434614e+00,9.294601749864887097e+01
2.224871121523423589e+00,9.803616669374150661e+01
2.230539121314412565e+00,1.031772216645728122e+02
2.236207121105401097e+00,1.081721121614364165e+02
2.241875120896390072e+00,1.139985115869699257e+02
2.247543120687379492e+00,1.204811389222647904e+02
2.253211120478368468e+00,1.271271459505096573e+02
2.258879120269357443e+00,1.341670728067839491e+02
2.264547120060346419e+00,1.416223531808550433e+02
2.270215119851335395e+00,1.498512737898341811e+02
2.275883119642324370e+00,1.585239499641137400e+02
2.281551119433313346e+00,1.682094228153356426e+02
2.287219119224302322e+00,1.777811768145177211e+02
2.292887119015291297e+00,1.877006480928333758e+02
2.298555118806280273e+00,1.985840579377061204e+02
2.304223118597269249e+00,2.113271686521845822e+02
2.309891118388258224e+00,2.242788065041609116e+02
2.315559118179247200e+00,2.384680956130903269e+02
2.321227117970236176e+00,2.529857445710837283e+02
2.326895117761225151e+00,2.683898691968145158e+02
2.332563117552214127e+00,2.861723621644251807e+02
2.338231117343203103e+00,3.066028261089954867e+02
2.343899117134192078e+00,3.291212127866990613e+02
2.349567116925181054e+00,3.530731746373031683e+02
2.355235116716170474e+00,3.806996277724504125e+02
2.360903116507159005e+00,4.111998010420169294e+02
2.366571116298147981e+00,4.481938207331922968e+02
2.372239116089136957e+00,4.917959535081192826e+02
2.377907115880125932e+00,5.438854196422211089e+02
2.383575115671115352e+00,6.059893275945152027e+02
2.389243115462103884e+00,6.856092731287063771e+02
2.394911115253092859e+00,7.880237074772499000e+02
2.400579115044081835e+00,9.204344217163502435e+02
2.406247114835071255e+00,1.091784173719087448e+03
2.411915114626060230e+00,1.308012181319478714e+03
2.417583114417048762e+00,1.574891280515604649e+03
2.423251114208037738e+00,1.882987642266481998e+03
2.428919113999026713e+00,2.221591924835815462e+03
2.434587113790016133e+00,2.573917515979498148e+03
2.440255113581005109e+00,2.905634590562796802e+03
2.445923113371993640e+00,3.187469719935354078e+03
2.451591113162982616e+00,3.360266418806187630e+03
2.457259112953971592e+00,3.440501502665564658e+03
2.462927112744961011e+00,3.406058525285002361e+03
2.468595112535949543e+00,3.261699214264142938e+03
2.474263112326938518e+00,3.047255853645583556e+03
2.479931112117927494e+00,2.793972836056239430e+03
2.485599111908916914e+00,2.528105540253478921e+03
2.491267111699905890e+00,2.266584393822796301e+03
2.496935111490894865e+00,2.021427470834061751e+03
2.502603111281883397e+00,1.796605970357142951e+03
2.508271111072872372e+00,1.598961208649409855e+03
2.513939110863861792e+00,1.423635283218231962e+03
2.519607110654850768e+00,1.269081570867852406e+03
2.525275110445839744e+00,1.136430572425953869e+03
2.530943110236828275e+00,1.024828047509280168e+03
2.536611110027817251e+00,9.318932664767629603e+02
2.542279109818806671e+00,8.526737223435837905e+02
2.547947109609795646e+00,7.848657118358619300e+02
2.553615109400784622e+00,7.272060590234667643e+02
2.559283109191773153e+00,6.765956504762671102e+02
2.564951108982762129e+00,6.335863737406948530e+02
2.570619108773751549e+00,5.953079972225566507e+02
2.576287108564740524e+00,5.617099914760965476e+02
2.581955108355729500e+00,5.304755917039964288e+02
2.587623108146718476e+00,5.031651081463257924e+02
2.593291107937707451e+00,4.783386062708319741e+02
2.598959107728696427e+00,4.563400869342121950e+02
2.604627107519685403e+00,4.355677502119142446e+02
2.610295107310674378e+00,4.147651330934482985e+02
2.615963107101663354e+00,3.956035069433239642e+02
2.621631106892652330e+00,3.778629077744894857e+02
2.627299106683641305e+00,3.612794873225484480e+02
2.632967106474630281e+00,3.459055594324795493e+02
2.638635106265619257e+00,3.309724540625427380e+02
2.644303106056608232e+00,3.169038229483422811e+02
2.649971105847597208e+00,3.034905053254817631e+02
2.655639105638586184e+00,2.905935308592527235e+02
2.661307105429575159e+00,2.779957431797899972e+02
2.666975105220564135e+00,2.661754204875412597e+02
2.672643105011553111e+00,2.550698863931099822e+02
2.678311104802542086e+00,2.437794894094446363e+02
2.683979104593531062e+00,2.335741337135544882e+02
2.689647104384520038e+00,2.243937063926063047e+02
2.695315104175509013e+00,2.150255676782975343e+02
2.700983103966497989e+00,2.057921728897764524e+02
2.706651103757487409e+00,1.973262795709949842e+02
2.712319103548475940e+00,1.885163824431992907e+02
2.717987103339464916e+00,1.805375362862291695e+02
2.723655103130453892e+00,1.733949960752378274e+02
2.729323102921443311e+00,1.665434186408455162e+02
2.734991102712432287e+00,1.589407567121119200e+02
2.740659102503420819e+00,1.519628707329388817e+02
2.746327102294409794e+00,1.457562510300416534e+02
2.751995102085398770e+00,1.397515065824792373e+02
2.757663101876388190e+00,1.334772077950913172e+02
2.763331101667377165e+00,1.271651111078741678e+02
2.768999101458365697e+00,1.217530276483241778e+02
2.774667101249354673e+00,1.167152065322187582e+02
2.780335101040343648e+00,1.114325130862730475e+02
2.786003100831333068e+00,1.061819308012643432e+02
2.791671100622322044e+00,1.013278455117202839e+02
2.797339100413310575e+00,9.723409373576225789e+01
2.803007100204299551e+00,9.295982449151119908e+01
2.808675099995288527e+00,8.815274880880747332e+01
2.814343099786277946e+00,8.391620505521927953e+01
2.820011099577266922e+00,8.025215178907228619e+01
2.825679099368255898e+00,7.639399277751419959e+01
2.831347099159244429e+00,7.252874506894295337e+01
2.837015098950233849e+00,6.845487590706864012e+01
2.842683098741222825e+00,6.521102587544567086e+01
2.848351098532211800e+00,6.217775450294016082e+01
2.854019098323200776e+00,5.830776487310606626e+01
2.859687098114189308e+00,5.466063262809166190e+01
2.865355097905178727e+00,5.172330157410669926e+01
2.871023097696167703e+00,4.884825506814320306e+01
2.876691097487156679e+00,4.639707070547353851e+01
2.882359097278145654e+00,4.400793740949563926e+01
2.888027097069134186e+00,4.174452017782607527e+01
2.893695096860123606e+00,3.931312316823766650e+01
2.899363096651112581e+00,3.637598315569050555e+01
2.905031096442101557e+00,3.371545410264491238e+01
2.910699096233090533e+00,3.168011311609268432e+01
2.916367096024079508e+00,2.975134980302493659e+01
2.922035095815068484e+00,2.795230181730858021e+01
2.927703095606057460e+00,2.577247635664787140e+01
2.933371095397046435e+00,2.368545010269417617e+01
2.939039095188035411e+00,2.222284408562381941e+01
2.944707094979024387e+00,2.059761478483233077e+01
2.950375094770013362e+00,1.849226213674614883e+01
2.956043094561002338e+00,1.637334369497955322e+01
2.961711094351991314e+00,1.435677004049011884e+01
2.967379094142980289e+00,1.264219198861098903e+01
2.973047093933969709e+00,1.095971689764360235e+01
2.978715093724958241e+00,9.526634743077124767e+00
2.984383093515947216e+00,8.471124172275608544e+00
2.990051093306936192e+00,7.478248598228219635e+00
2.995719093097925168e+00,6.124795066736510307e+00
3.001387092888914587e+00,4.428468592351919142e+00
3.007055092679903119e+00,2.937796943532362093e+00
3.012723092470892094e+00,1.792067166079846174e+00
3.018391092261881070e+00,9.926878878267189066e-01
3.024059092052870046e+00,-2.232755251127400697e-01
3.029727091843859466e+00,-1.373457413655842174e+00
3.035395091634848441e+00,-2.099210380438194079e+00
3.041063091425836973e+00,-2.733354383578557645e+00
3.046731091216825948e+00,-3.445013373437973314e+00
3.052399091007815368e+00,-4.510061858986091465e+00
3.058067090798804344e+00,-5.805936849191425608e+00
3.063735090589793320e+00,-6.043998692867035061e+00
3.069403090380781851e+00,-6.293090648982001767e+00
3.075071090171770827e+00,-7.215195624942680297e+00
3.080739089962760247e+00,-8.099493793780766282e+00
3.086407089753749222e+00,-8.442562789465341666e+00
3.092075089544738198e+00,-9.064405538933897333e+00
3.097743089335726729e+00,-9.661489812874378913e+00
3.103411089126715705e+00,-9.714279964006095724e+00
3.109079088917705125e+00,-9.963494251297902338e+00
3.114747088708694100e+00,-9.991586773562289636e+00
3.120415088499683076e+00,-9.919402742893680625e+00
3.126083088290672052e+00,-9.985280047167634621e+00
3.131751088081660583e+00,-1.004541546097732407e+01
3.137419087872650003e+00,-9.756664938605013049e+00
3.143087087663638979e+00,-9.811284824956942430e+00
3.148755087454627954e+00,-1.006577707040855785e+01
3.154423087245616930e+00,-9.972224738568911562e+00
3.160091087036605906e+00,-9.552596381139096593e+00
3.165759086827594881e+00,-8.641177502897562590e+00
3.171427086618583857e+00,-8.055713081279463950e+00
3.177095086409572833e+00,-7.820491062469159260e+00
3.182763086200561808e+00,-7.484640701245780292e+00
3.188431085991550784e+00,-7.697266838325390381e+00
3.194099085782539760e+00,-7.737174021455189177e+00
3.199767085573528735e+00,-7.263232716351240015e+00
3.205435085364517711e+00,-6.442675205135969918e+00
3.211103085155506687e+00,-5.876632695713055909e+00
3.216771084946495662e+00,-5.484229560048561325e+00
3.222439084737484638e+00,-4.607136556827526874e+00
3.228107084528473614e+00,-3.897022003328288520e+00
3.233775084319462589e+00,-3.511840837923386971e+00
3.239443084110451565e+00,-2.646352198203999251e+00
3.245111083901440985e+00,-1.521743444417211322e+00
3.250779083692429516e+00,-4.036965657170412669e-01
3.256447083483418492e+00,1.169279300305788638e+00
3.262115083274407468e+00,2.396834195747373997e+00
3.267783083065396443e+00,3.259990183960098875e+00
3.273451082856385863e+00,4.156212003162977453e+00
3.279119082647374395e+00,5.281426256580857626e+00
3.284787082438363370e+00,6.495133766188700974e+00
3.290455082229352346e+00,7.743932521930673829e+00
3.296123082020341766e+00,9.182794537186964590e+00
3.301791081811330741e+00,1.036073479408969433e+01
3.307459081602319273e+00,1.166783272789461989e+01
3.313127081393308249e+00,1.316732451213908917e+01
3.318795081184297224e+00,1.430824954301692742e+01
3.324463080975286644e+00,1.527536499015934623e+01
3.330131080766275620e+00,1.636207060132244351e+01
3.335799080557264151e+00,1.816077735473106713e+01
3.341467080348253127e+00,1.981443333798551976e+01
3.347135080139242103e+00,2.081382599415394452e+01
3.352803079930231522e+00,2.276705233661778038e+01
3.358471079721220498e+00,2.491361807016460261e+01
3.364139079512209474e+00,2.636741854801914542e+01
3.369807079303198005e+00,2.767283008043762038e+01
3.375475079094186981e+00,2.960457565736373908e+01
3.381143078885176401e+00,3.140576201644933008e+01
3.386811078676165376e+00,3.338931994867925823e+01
3.392479078467154352e+00,3.632777493024661908e+01
3.398147078258142884e+00,3.897967538656314446e+01
3.403815078049132303e+00,4.199791788757192990e+01
3.409483077840121279e+00,4.473040632743482092e+01
3.415151077631110255e+00,4.779219547921968569e+01
3.420819077422099230e+00,5.145068386599473342e+01
3.426487077213087762e+00,5.516473729598396858e+01
3.432155077004077182e+00,5.859384413600594144e+01
3.437823076795066157e+00,6.236721931537829278e+01
3.443491076586055133e+00,6.624951477513798181e+01
3.449159076377044109e+00,7.030738440944685408e+01
3.454827076168033084e+00,7.347387615543516404e+01
3.460495075959022060e+00,7.613333189554634828e+01
3.466163075750011036e+00,7.900847241847316127e+01
3.471831075541000011e+00,8.092199409884631223e+01
3.477499075331988987e+00,8.195739653395253299e+01
3.483167075122977963e+00,8.262896545389094172e+01
3.488835074913966938e+00,8.249499293641747499e+01
3.494503074704955914e+00,8.152325588751000396e+01
3.500171074495944890e+00,7.901600372916357173e+01
3.505839074286933865e+00,7.540335450065742862e+01
3.511507074077922841e+00,7.100006979595912071e+01
3.517175073868911817e+00,6.685229548637960306e+01
3.522843073659900792e+00,6.229469062682358071e+01
3.528511073450889768e+00,5.718675558078973609e+01
3.534179073241878744e+00,5.245006346568254685e+01
3.539847073032868163e+00,4.810738368796955911e+01
3.545515072823856695e+00,4.335940313458684159e+01
3.551183072614845671e+00,3.858979209090784934e+01
3.556851072405834646e+00,3.439981117433694635e+01
3.562519072196823622e+00,3.036929766243576978e+01
3.568187071987813042e+00,2.637575728979618361e+01
3.573855071778802017e+00,2.290875633788573396e+01
3.579523071569790549e+00,1.997531714285889848e+01
3.585191071360779524e+00,1.700140735337049591e+01
3.590859071151768500e+00,1.456179832901307236e+01
3.596527070942757920e+00,1.235272139031610550e+01
3.602195070733746896e+00,1.045499037734089143e+01
3.607863070524735427e+00,8.912675936207051564e+00
3.613531070315724403e+00,6.898327597427169167e+00
3.619199070106713823e+00,4.989402088197152807e+00
3.624867069897702798e+00,3.928944514619502115e+00
3.630535069688691774e+00,3.094155256234216722e+00
3.636203069479680305e+00,2.021536450393227824e+00
3.641871069270669281e+00,9.762279297621034857e-01
3.647539069061658701e+00,9.775917544288859062e-02
3.653207068852647676e+00,-6.918696283370309175e-01
3.658875068643636652e+00,-1.532670016100155408e+00
3.664543068434625628e+00,-2.337968952056485250e+00
3.670211068225614159e+00,-2.802831681666134500e+00
3.675879068016603579e+00,-3.399484094920694588e+00
3.681547067807592555e+00,-3.910759991967324822e+00
3.687215067598581530e+00,-4.685960458110344007e+00
3.692883067389570506e+00,-5.244003277872138824e+00
3.698551067180559038e+00,-5.118637778743959643e+00
3.704219066971548457e+00,-5.461228034310806834e+00
3.709887066762537433e+00,-5.948101497064271825e+00
3.715555066553526409e+00,-6.484528490589354988e+00
3.721223066344515384e+00,-6.369456121874122800e+00
3.726891066135504360e+00,-6.442603084642996691e+00
3.732559065926493780e+00,-6.445238391179373139e+00
3.738227065717482756e+00,-6.068704295954830741e+00
3.743895065508471731e+00,-6.069528600315265976e+00
3.749563065299460707e+00,-6.548172211075552696e+00
3.755231065090449238e+00,-6.864922695206814751e+00
3.760899064881438214e+00,-6.616273674367903368e+00
3.766567064672427190e+00,-6.594946797561078711e+00
3.772235064463416165e+00,-6.055638811444964631e+00
3.777903064254405141e+00,-5.973505447053184980e+00
3.783571064045394561e+00,-5.800570111200727297e+00
3.789239063836383536e+00,-5.922083749764965432e+00
3.794907063627372512e+00,-5.609344671904409552e+00
3.800575063418361488e+00,-4.855269839121660880e+00
3.806243063209350463e+00,-4.392461271512615895e+00
3.811911063000339883e+00,-3.660308098548625821e+00
3.817579062791327971e+00,-2.929559312982064512e+00
3.823247062582316946e+00,-2.730241251315078443e+00
3.828915062373305922e+00,-2.706393921925382529e+00
3.834583062164294898e+00,-2.497357648178990530e+00
3.840251061955284317e+00,-1.925273134490566918e+00
3.845919061746273293e+00,-1.187281107294893445e+00
3.851587061537262269e+00,-8.756028594327744941e-01
3.857255061328251244e+00,-5.632946446828555054e-01
3.862923061119240220e+00,7.794925566137180795e-01
3.868591060910229640e+00,2.467580908647732940e+00
3.874259060701217727e+00,3.386654392015088888e+00
3.879927060492206703e+00,3.946261733406572603e+00
3.885595060283195679e+00,4.750226561856152330e+00
3.891263060074185098e+00,5.470731881397455254e+00
3.896931059865174074e+00,5.810295168721381742e+00
3.902599059656163050e+00,6.870786927861558979e+00
3.908267059447152025e+00,8.133044948008091524e+00
3.913935059238141001e+00,9.758693151164379742e+00
3.919603059029130421e+00,1.156859618198882345e+01
3.925271058820119396e+00,1.299378714217209563e+01
3.930939058611108372e+00,1.438595343027930085e+01
3.936607058402096460e+00,1.642155051128213472e+01
3.942275058193085435e+00,1.853307633062058812e+01
3.947943057984074855e+00,2.040901026001665741e+01
3.953611057775063831e+00,2.281522417319342821e+01
3.959279057566052806e+00,2.546314656546769584e+01
3.964947057357041782e+00,2.836230163528148296e+01
3.970615057148030758e+00,3.089178145217044857e+01
3.976283056939020177e+00,3.313972349582661536e+01
3.981951056730009153e+00,3.539342296078564232e+01
3.987619056520998129e+00,3.724559496345852949e+01
3.993287056311987104e+00,3.783521926869309482e+01
3.998955056102975636e+00,3.847546997727522466e+01
4.004623055893964612e+00,3.836269990092819171e+01
4.010291055684953143e+00,3.756521009356288232e+01
4.015959055475942563e+00,3.711535190205847812e+01
4.021627055266931983e+00,3.749695372407586547e+01
4.027295055057920514e+00,3.737047969946308967e+01
4.032963054848909934e+00,3.760818596025603711e+01
4.038631054639898466e+00,3.810808547442798044e+01
4.044299054430887885e+00,3.835669218651457868e+01
4.049967054221877305e+00,3.947485841995774081e+01
4.055635054012864948e+00,4.089050436929312582e+01
4.061303053803854368e+00,4.152630118910337842e+01
4.066971053594843788e+00,4.232591606165715348e+01
4.072639053385832320e+00,4.351945414098895526e+01
4.078307053176821739e+00,4.459886140144533329e+01
4.083975052967810271e+00,4.569316877831090551e+01
4.089643052758799691e+00,4.712598728499483514e+01
4.095311052549789110e+00,4.867014668490639906e+01
4.100979052340777642e+00,5.054665789379851049e+01
4.106647052131767062e+00,5.233578475711203737e+01
4.112315051922755593e+00,5.418834776091250660e+01
4.117983051713744125e+00,5.631669082876510402e+01
4.123651051504733545e+00,5.826549431001706125e+01
4.129319051295722076e+00,6.031057869073379152e+01
4.134987051086711496e+00,6.270560869526218539e+01
4.140655050877700027e+00,6.485817971201117871e+01
4.146323050668689447e+00,6.750010587939061679e+01
4.151991050459678867e+00,7.104734440221579916e+01
4.157659050250667399e+00,7.423897260248963903e+01
4.163327050041656818e+00,7.738016887643425434e+01
4.168995049832645350e+00,8.138444902261471725e+01
4.174663049623633881e+00,8.685307296583289371e+01
4.180331049414623301e+00,9.249179276083270906e+01
4.185999049205611833e+00,9.757142392453158664e+01
4.191667048996601252e+00,1.037193493566593361e+02
4.197335048787589784e+00,1.114885501014778129e+02
4.203003048578579204e+00,1.204076541759037582e+02
4.208671048369568624e+00,1.299197183077923228e+02
4.214339048160557155e+00,1.401682997132796800e+02
4.220007047951546575e+00,1.526333203545958668e+02
4.225675047742535106e+00,1.671687866666268292e+02
4.231343047533524526e+00,1.831396914123843089e+02
4.237011047324513058e+00,2.010946211048789110e+02
4.242679047115501589e+00,2.209775479993095360e+02
4.248347046906491009e+00,2.421370464016563346e+02
4.254015046697480429e+00,2.626951281178988893e+02
4.259683046488468960e+00,2.830803235087047369e+02
4.265351046279458380e+00,3.033669759230230056e+02
4.271019046070446912e+00,3.221871069324580503e+02
4.276687045861436332e+00,3.369218225812713854e+02
4.282355045652424863e+00,3.481017650465364568e+02
4.288023045443414283e+00,3.550425496372757834e+02
4.293691045234402814e+00,3.573192520613977194e+02
4.299359045025391346e+00,3.550166526040724193e+02
4.305027044816380766e+00,3.478497195387507190e+02
4.310695044607370185e+00,3.353175397912273183e+02
4.316363044398358717e+00,3.191627915958911217e+02
4.322031044189348137e+00,3.005050452769741014e+02
4.327699043980336668e+00,2.807092935219898209e+02
4.333367043771326088e+00,2.599922746239204798e+02
4.339035043562314620e+00,2.391002678913736190e+02
4.344703043353303151e+00,2.185391351524872334e+02
4.350371043144292571e+00,1.987408246611817049e+02
4.356039042935281103e+00,1.814441084018453694e+02
4.361707042726270522e+00,1.662430440033976993e+02
4.367375042517259942e+00,1.514204708330400990e+02
4.373043042308248474e+00,1.381886105821922683e+02
4.378711042099237893e+00,1.264751390438362932e+02
4.384379041890226425e+00,1.163155811320481234e+02
4.390047041681215845e+00,1.076566556085604134e+02
4.395715041472205264e+00,9.959357977026138542e+01
4.401383041263192908e+00,9.244624131315401883e+01
4.407051041054182328e+00,8.665189849454156956e+01
4.412719040845170859e+00,8.179636913099818685e+01
4.418387040636160279e+00,7.687263656644131515e+01
4.424055040427149699e+00,7.285812017994521739e+01
4.429723040218138230e+00,6.874684091308381539e+01
4.435391040009127650e+00,6.496867175821216733e+01
4.441059039800116182e+00,6.189892027799794505e+01
4.446727039591105601e+00,5.920763280464041145e+01
4.452395039382095021e+00,5.594467744768212469e+01
4.458063039173082664e+00,5.341083784400927925e+01
4.463731038964072084e+00,5.188626774769625172e+01
4.469399038755061504e+00,5.028051544406696394e+01
4.475067038546050036e+00,4.792805597625761038e+01
4.480735038337039455e+00,4.524692151631109027e+01
4.486403038128027987e+00,4.346166279095757545e+01
4.492071037919017407e+00,4.219667183552110146e+01
4.497739037710006826e+00,4.075938511891922644e+01
4.503407037500995358e+00,3.942843051631984963e+01
4.509075037291984778e+00,3.843269225054700655e+01
4.514743037082973309e+00,3.659260726907700700e+01
4.520411036873961841e+00,3.525540691409298688e+01
4.526079036664951261e+00,3.461048560399262897e+01
4.531747036455939792e+00,3.398102681967338867e+01
4.537415036246929212e+00,3.323769939359624459e+01
4.543083036037917743e+00,3.220460233400217476e+01
4.548751035828907163e+00,3.103725554757090777e+01
4.554419035619896583e+00,3.041840062066864903e+01
4.560087035410885115e+00,2.977382113184944501e+01
4.565755035201874534e+00,2.977661511279279694e+01
4.571423034992863066e+00,2.947402610298991021e+01
4.577091034783852486e+00,2.884969900912017238e+01
4.582759034574841017e+00,2.785236662848751621e+01
4.588427034365829549e+00,2.780411380917735187e+01
4.594095034156818969e+00,2.805070703990008951e+01
4.599763033947807500e+00,2.772599874686613930e+01
4.605431033738796920e+00,2.807828227425443401e+01
4.611099033529786340e+00,2.884120252874424750e+01
4.616767033320774871e+00,2.937584582326462623e+01
4.622435033111764291e+00,3.044729016996348037e+01
4.628103032902752823e+00,3.213048906068269162e+01
4.633771032693742242e+00,3.422659224197900585e+01
4.639439032484730774e+00,3.703497943229058365e+01
4.645107032275719305e+00,4.040416365083672190e+01
4.650775032066708725e+00,4.445792647152472910e+01
4.656443031857697257e+00,5.020219058154265213e+01
4.662111031648686676e+00,5.620550073839120842e+01
4.667779031439676096e+00,6.200942416050878592e+01
4.673447031230664628e+00,6.790650462883337468e+01
4.679115031021654048e+00,7.378016727195961266e+01
4.684783030812642579e+00,7.835856378098179675e+01
4.690451030603631999e+00,8.084567592511967860e+01
4.696119030394621419e+00,8.071623742671766877e+01
4.701787030185609062e+00,7.828397126593245048e+01
4.707455029976598482e+00,7.459264192682769590e+01
4.713123029767587902e+00,6.980014963565389507e+01
4.718791029558576433e+00,6.427759041944295859e+01
4.724459029349565853e+00,5.870056469975838809e+01
4.730127029140554384e+00,5.343943608175692361e+01
4.735795028931543804e+00,4.786707061200195312e+01
4.741463028722533224e+00,4.281995737632428245e+01
4.747131028513521755e+00,3.881524949262592372e+01
4.752799028304511175e+00,3.473020749307664801e+01
4.758467028095498819e+00,3.094648644109611269e+01
4.764135027886488238e+00,2.769956220088533883e+01
4.769803027677477658e+00,2.519457616398909749e+01
4.775471027468466190e+00,2.293409403835806870e+01
4.781139027259455609e+00,2.132137733272480773e+01
4.786807027050444141e+00,2.004545415738374459e+01
4.792475026841433561e+00,1.865118758356726403e+01
4.798143026632422981e+00,1.752346753797615975e+01
4.803811026423411512e+00,1.676312633012412334e+01
4.809479026214400932e+00,1.690471208983677798e+01
4.815147026005389463e+00,1.722227490006542894e+01
4.820815025796377995e+00,1.702673007813586992e+01
4.826483025587367415e+00,1.729897585153020145e+01
4.832151025378355946e+00,1.822785722507450146e+01
4.837819025169345366e+00,1.806758785593865468e+01
4.843487024960333898e+00,1.848839702629203430e+01
4.849155024751323317e+00,2.034862436986719558e+01
4.854823024542312737e+00,2.220106752144954498e+01
4.860491024333301269e+00,2.343769645207038366e+01
4.866159024124290688e+00,2.518406266897068235e+01
4.871827023915279220e+00,2.663767812861004813e+01
4.877495023706267752e+00,2.799037851791695175e+01
4.883163023497257171e+00,2.991166065663247764e+01
4.888831023288245703e+00,3.269296960668475549e+01
4.894499023079235123e+00,3.527644623078384711e+01
4.900167022870223654e+00,3.736949018070151851e+01
4.905835022661213074e+00,4.040710120586658149e+01
4.911503022452202494e+00,4.391516040336347260e+01
4.917171022243191025e+00,4.760588920230821941e+01
4.922839022034180445e+00,5.129709985212929269e+01
4.928507021825168977e+00,5.539864561788010633e+01
4.934175021616158396e+00,5.980579236227026740e+01
4.939843021407146928e+00,6.304210184644705350e+01
4.945511021198135460e+00,6.639743221827637853e+01
4.951179020989124879e+00,6.928816750453057693e+01
4.956847020780114299e+00,7.200746175151272155e+01
4.962515020571102831e+00,7.346278785318293103e+01
4.968183020362092250e+00,7.252914799435518489e+01
4.973851020153080782e+00,7.033856337873089615e+01
4.979519019944070202e+00,6.718125832899107763e+01
4.985187019735059621e+00,6.340971302719185587e+01
4.990855019526048153e+00,5.789374163976390264e+01
4.996523019317036685e+00,5.228532386048209446e+01
5.002191019108025216e+00,4.708208147296488733e+01
5.007859018899014636e+00,4.127016165145590776e+01
5.013527018690004056e+00,3.598347768347957754e+01
5.019195018480992587e+00,3.061406053234208002e+01
5.024863018271982007e+00,2.542579785080238253e+01
5.030531018062970539e+00,2.145775429357280473e+01
5.036199017853959958e+00,1.781411902708430262e+01
5.041867017644949378e+00,1.416524332714277534e+01
5.047535017435937910e+00,1.091194721955417890e+01
5.053203017226927329e+00,8.100314401999582969e+00
5.058871017017914973e+00,5.943420759659829855e+00
5.064539016808904393e+00,3.868514540997409767e+00
5.070207016599893812e+00,1.710711426114812639e+00
5.075875016390882344e+00,-7.905455123067213208e-01
5.081543016181871764e+00,-2.312683324155216269e+00
5.087211015972860295e+00,-3.042681082797287218e+00
5.092879015763849715e+00,-3.712409224402733798e+00
5.098547015554839135e+00,-4.800869532797605643e+00
5.104215015345827666e+00,-6.113693430480111601e+00
5.109883015136817086e+00,-6.375884898541812618e+00
5.115551014927805618e+00,-6.222817791121258324e+00
5.121219014718794149e+00,-6.666178218216600726e+00
5.126887014509783569e+00,-6.781434028106957612e+00
5.132555014300772100e+00,-7.031473723368321771e+00
5.138223014091761520e+00,-7.090092788998902051e+00
5.143891013882750052e+00,-6.959638956090145712e+00
5.149559013673739472e+00,-6.769779291671625288e+00
5.155227013464728891e+00,-7.427463577616038037e+00
5.160895013255717423e+00,-7.891704584077842810e+00
5.166563013046706843e+00,-7.570642278476555020e+00
5.172231012837695374e+00,-7.424876345029247204e+00
5.177899012628683906e+00,-7.646299192561968994e+00
5.183567012419673325e+00,-6.992721198650599490e+00
5.189235012210661857e+00,-6.538725201808972542e+00
5.194903012001651277e+00,-6.690437014104759328e+00
5.200571011792640697e+00,-6.449716109400867481e+00
5.206239011583629228e+00,-6.016175872614553555e+00
5.211907011374618648e+00,-4.750623536318812512e+00
5.217575011165607179e+00,-3.211528686603060123e+00
5.223243010956596599e+00,-2.675286934946598194e+00
5.228911010747586019e+00,-2.570973336188444591e+00
5.234579010538574551e+00,-2.330928326026992181e+00
5.240247010329563082e+00,-2.061534088207508830e+00
5.245915010120551614e+00,-8.339860388969668747e-01
5.251583009911541033e+00,3.568448686280589754e-01
5.257251009702530453e+00,1.120518833435085071e+00
5.262919009493518985e+00,2.049719833887934328e+00
5.268587009284508405e+00,3.330942883507248098e+00
5.274255009075496936e+00,4.038347790734974296e+00
5.279923008866486356e+00,4.242218631591867961e+00
5.285591008657475776e+00,5.221091435223456756e+00
5.291259008448464307e+00,6.491417269837086224e+00
5.296927008239452839e+00,8.047644029812943245e+00
5.302595008030441370e+00,9.609439336093146267e+00
5.308263007821430790e+00,1.135545518025378442e+01
5.313931007612420210e+00,1.273585842898370402e+01
5.319599007403408741e+00,1.367725637429282415e+01
5.325267007194398161e+00,1.430214864217532522e+01
5.330935006985386693e+00,1.497510028831311502e+01
5.336603006776376112e+00,1.614411142698219237e+01
5.342271006567365532e+00,1.804178910605156716e+01
5.347939006358354064e+00,1.921742128159360163e+01
5.353607006149343484e+00,2.056917286280611279e+01
5.359275005940332015e+00,2.207577516513640603e+01
5.364943005731320547e+00,2.309129519739127545e+01
5.370611005522309966e+00,2.397456071056529936e+01
5.376279005313298498e+00,2.456380009041828316e+01
5.381947005104287918e+00,2.526584523833531648e+01
5.387615004895277337e+00,2.643705198148256841e+01
5.393283004686265869e+00,2.727481008257313988e+01
5.398951004477255289e+00,2.810007497814848421e+01
5.404619004268243820e+00,2.913022544459317942e+01
5.410287004059233240e+00,3.004516467235498567e+01
5.415955003850221772e+00,3.146595796125626521e+01
5.421623003641210303e+00,3.287835566598732839e+01
5.427291003432199723e+00,3.348560690563152775e+01
5.432959003223188255e+00,3.443236704554544758e+01
5.438627003014177674e+00,3.624796552335214983e+01
5.444295002805167094e+00,3.794915853448685539e+01
5.449963002596155626e+00,3.959380945211887592e+01
5.455631002387145045e+00,4.118079117090263708e+01
5.461299002178133577e+00,4.280532057963239367e+01
5.466967001969122997e+00,4.460976422530598029e+01
5.472635001760112416e+00,4.578052552015554966e+01
5.478303001551100060e+00,4.710853058149098160e+01
5.483971001342089480e+00,4.867855928638869045e+01
5.489639001133078011e+00,4.967976162911156734e+01
5.495307000924067431e+00,5.071623511368898107e+01
5.500975000715056851e+00,5.237953451954018647e+01
5.506643000506045382e+00,5.406327761436614310e+01
5.512311000297034802e+00,5.502317323032099239e+01
5.517979000088023334e+00,5.537128395932393232e+01
5.523646999879012753e+00,5.528369827220126353e+01
5.529314999670002173e+00,5.588169506946610454e+01
5.534982999460989816e+00,5.624852834517395195e+01
5.540650999251979236e+00,5.616303923512811025e+01
5.546318999042967768e+00,5.705879299211090938e+01
5.551986998833957188e+00,5.806646790601450903e+01
5.557654998624946607e+00,5.902587922962186440e+01
5.563322998415935139e+00,5.836335954969968043e+01
5.568990998206924559e+00,5.754668432410898049e+01
5.574658997997913090e+00,5.742937119821039005e+01
5.580326997788902510e+00,5.731717780759936431e+01
5.585994997579891930e+00,5.857927731521488113e+01
5.591662997370880461e+00,5.978186436837046358e+01
5.597330997161868993e+00,5.961726276477099873e+01
5.602998996952858413e+00,5.955773404626171441e+01
5.608666996743846944e+00,5.919410054570323609e+01
5.614334996534836364e+00,5.900518508423789399e+01
5.620002996325824896e+00,5.880617522910119988e+01
5.625670996116814315e+00,5.934011499284167712e+01
5.631338995907803735e+00,6.014600786066387172e+01
5.637006995698792267e+00,6.201862514003789784e+01
5.642674995489781686e+00,6.363457407593409698e+01
5.648342995280770218e+00,6.455007006671957015e+01
5.654010995071759638e+00,6.554215370247521832e+01
5.659678994862748169e+00,6.653438046495995195e+01
5.665346994653736701e+00,6.774922551366717016e+01
5.671014994444726121e+00,6.936033588309061315e+01
5.676682994235714652e+00,7.075604976983271399e+01
5.682350994026704072e+00,7.212777543885596288e+01
5.688018993817693492e+00,7.378484107699745209e+01
5.693686993608682023e+00,7.634986832812535340e+01
5.699354993399671443e+00,7.819325105290539568e+01
5.705022993190659975e+00,8.028178814129950069e+01
5.710690992981649394e+00,8.200729679381686310e+01
5.716358992772637926e+00,8.422082272659145019e+01
5.722026992563626457e+00,8.682379617724160425e+01
5.727694992354615877e+00,8.939745695369856548e+01
5.733362992145604409e+00,9.080887250061181248e+01
5.739030991936593828e+00,9.180456582903730123e+01
5.744698991727583248e+00,9.329319984260922638e+01
5.750366991518571780e+00,9.630334100941445286e+01
5.756034991309561200e+00,1.002572935905093345e+02
5.761702991100549731e+00,nan
5.767370990891539151e+00,nan
5.773038990682528571e+00,nan
5.778706990473516214e+00,nan
5.784374990264505634e+00,nan
5.790042990055494165e+00,nan
5.795710989846483585e+00,nan
5.801378989637473005e+00,nan
5.807046989428461536e+00,nan
5.812714989219450956e+00,nan
5.818382989010439488e+00,nan
5.824050988801428907e+00,nan
5.829718988592418327e+00,nan
5.835386988383405971e+00,nan
5.841054988174395390e+00,nan
5.846722987965384810e+00,nan
5.852390987756373342e+00,nan
5.858058987547362761e+00,nan
5.863726987338351293e+00,nan
