7.681951752392544019e-01,-7.787214692079828637e+00
7.738631750302433776e-01,-7.851907539012131565e+00
7.795311748212323533e-01,-6.415907379840518843e+00
7.851991746122213289e-01,-5.282926631525015182e+00
7.908671744032103046e-01,-3.901514136805872113e+00
7.965351741941992803e-01,-4.005191882955841720e+00
8.022031739851883669e-01,-5.178556075996311847e+00
8.078711737761772316e-01,-3.917274699293443518e+00
8.135391735671662072e-01,-2.903661244025897759e+00
8.192071733581552939e-01,-2.620078029496653471e+00
8.248751731491442696e-01,-3.978757980478007994e+00
8.305431729401332452e-01,-2.575161560804531291e+00
8.362111727311222209e-01,-1.465949374356796397e-01
8.418791725221110855e-01,8.267158007936359354e-01
8.475471723131001722e-01,1.968060190048959157e+00
8.532151721040891479e-01,1.143098371964583748e+00
8.588831718950781235e-01,1.033286386611848684e+00
8.645511716860672102e-01,1.211010449843911374e+00
8.702191714770560749e-01,1.393004922044724481e+00
8.758871712680450505e-01,4.243880140160740666e+00
8.815551710590340262e-01,4.111718120826822087e+00
8.872231708500230019e-01,4.766835847941251814e+00
8.928911706410120885e-01,4.844698670557363585e+00
8.985591704320010642e-01,6.801871651086230486e+00
9.042271702229900399e-01,6.790293387096085098e+00
9.098951700139790155e-01,7.399646616778909447e+00
9.155631698049678802e-01,8.073801090047140860e+00
9.212311695959569668e-01,7.482090423998670303e+00
9.268991693869459425e-01,7.786401946670594043e+00
9.325671691779349182e-01,6.359560486099780974e+00
9.382351689689240049e-01,6.278309327352985747e+00
9.439031687599129805e-01,5.741401032842418317e+00
9.495711685509018452e-01,7.258745391541538083e+00
9.552391683418909318e-01,8.936443598674941313e+00
9.609071681328797965e-01,9.691387865091201093e+00
9.665751679238688832e-01,8.935343448514117881e+00
9.722431677148579698e-01,8.464413985574424260e+00
9.779111675058468345e-01,8.283199206652057001e+00
9.835791672968358101e-01,8.481198744470930251e+00
9.892471670878246748e-01,8.900231567692344470e+00
9.949151668788137615e-01,9.591650336384418551e+00
1.000583166669802848e+00,8.341340650565484793e+00
1.006251166460791602e+00,9.632536178649729663e+00
1.011919166251780799e+00,9.081257923533939902e+00
1.017587166042769553e+00,8.666319856863651694e+00
1.023255165833758751e+00,8.558735657317356527e+00
1.028923165624747726e+00,8.764235800447295333e+00
1.034591165415736702e+00,9.095862773524572731e+00
1.040259165206725678e+00,8.773641485695861775e+00
1.045927164997714431e+00,8.298114424232267083e+00
1.051595164788703629e+00,9.924889994374211710e+00
1.057263164579692605e+00,1.059616107401768659e+01
1.062931164370681802e+00,1.093679876371572846e+01
1.068599164161670556e+00,1.041762142964523719e+01
1.074267163952659310e+00,1.100206218407811321e+01
1.079935163743648507e+00,1.051347845569182482e+01
1.085603163534637483e+00,9.535542614570317710e+00
1.091271163325626681e+00,8.512766874547196494e+00
1.096939163116615434e+00,9.464248410393793165e+00
1.102607162907604632e+00,1.008755119375678078e+01
1.108275162698593386e+00,9.609536071282263947e+00
1.113943162489582361e+00,8.511877086332674480e+00
1.119611162280571559e+00,9.030242280073252914e+00
1.125279162071560535e+00,9.694297460697498536e+00
1.130947161862549510e+00,9.243181092648910635e+00
1.136615161653538264e+00,9.624893945058715872e+00
1.142283161444527240e+00,9.873252216745527221e+00
1.147951161235516437e+00,9.195534020590457658e+00
1.153619161026505413e+00,9.329718153068142783e+00
1.159287160817494389e+00,8.507313684091400319e+00
1.164955160608483142e+00,8.690481539041115866e+00
1.170623160399472340e+00,9.019910475329538713e+00
1.176291160190461316e+00,9.619809758181645520e+00
1.181959159981450291e+00,8.785958477041276637e+00
1.187627159772439267e+00,8.598986795570453978e+00
1.193295159563428021e+00,8.906309545400517891e+00
1.198963159354417218e+00,8.234174565974853977e+00
1.204631159145406194e+00,9.926639755331279957e+00
1.210299158936395170e+00,9.724857738069090374e+00
1.215967158727384145e+00,9.146836607538602948e+00
1.221635158518373121e+00,9.570813949277066968e+00
1.227303158309362097e+00,1.005537926933936888e+01
1.232971158100351072e+00,9.436804169913443729e+00
1.238639157891340270e+00,8.476402115111341118e+00
1.244307157682329246e+00,7.793579830763292193e+00
1.249975157473317999e+00,7.595939843481119169e+00
1.255643157264306975e+00,7.724629601751985319e+00
1.261311157055295951e+00,8.493880050156235484e+00
1.266979156846285148e+00,8.497707289524328189e+00
1.272647156637274124e+00,8.090198221468085649e+00
1.278315156428263100e+00,8.366833790568080076e+00
1.283983156219251853e+00,8.188231660154997371e+00
1.289651156010240829e+00,7.064301485746682374e+00
1.295319155801230027e+00,6.255624309580298359e+00
1.300987155592219002e+00,5.671401779360621731e+00
1.306655155383207978e+00,5.693858003731747885e+00
1.312323155174196954e+00,6.972367970242203228e+00
1.317991154965185929e+00,6.720027369566992093e+00
1.323659154756174905e+00,6.031096443160663512e+00
1.329327154547163881e+00,5.328021467635835506e+00
1.334995154338152856e+00,4.597091493041489230e+00
1.340663154129141832e+00,4.457526137171271330e+00
1.346331153920130808e+00,4.434840042702035134e+00
1.351999153711119783e+00,3.694741603648708406e+00
1.357667153502108759e+00,2.694137944494059411e+00
1.363335153293097957e+00,3.496808748316539095e+00
1.369003153084086710e+00,4.538787116161302038e+00
1.374671152875075686e+00,3.703615914699980749e+00
1.380339152666064662e+00,3.507101194196934557e+00
1.386007152457053859e+00,3.329795098667204911e+00
1.391675152248042835e+00,2.509891373688105887e+00
1.397343152039031589e+00,2.289087182805474185e+00
1.403011151830020564e+00,2.295066017690601257e+00
1.408679151621009540e+00,1.826409807514551176e+00
1.414347151411998738e+00,1.407713665041796958e+00
1.420015151202987713e+00,1.310520945224880052e+00
1.425683150993976467e+00,1.893095733288419069e-01
1.431351150784965665e+00,-1.072438619131958149e+00
1.437019150575954418e+00,-1.313775980329864979e+00
1.442687150366943616e+00,-1.291174292031769255e+00
1.448355150157932592e+00,-1.199154652410015842e+00
1.454023149948921789e+00,-1.077394759791104661e+00
1.459691149739910543e+00,-1.484931623271791068e+00
1.465359149530899296e+00,-1.334686879446962848e+00
1.471027149321888494e+00,-1.426606090692075668e+00
1.476695149112877470e+00,-1.764736381882698879e+00
1.482363148903866668e+00,-1.470739623988492895e+00
1.488031148694855421e+00,-1.220049660635368127e+00
1.493699148485844397e+00,-1.873219964354802869e+00
1.499367148276833372e+00,-2.668489554553957532e+00
1.505035148067822348e+00,-3.008770302202151470e+00
1.510703147858811546e+00,-3.257240191550295094e+00
1.516371147649800299e+00,-3.259010800598957758e+00
1.522039147440789275e+00,-2.935609722973822500e+00
1.527707147231778251e+00,-2.736579689019663419e+00
1.533375147022767226e+00,-2.310560108767617749e+00
1.539043146813756424e+00,-2.617591759438141708e+00
1.544711146604745400e+00,-3.020059168250099901e+00
1.550379146395734153e+00,-3.568213073360539056e+00
1.556047146186723129e+00,-4.140246107457755897e+00
1.561715145977712327e+00,-4.425813305573228718e+00
1.567383145768701302e+00,-4.363045703856073487e+00
1.573051145559690278e+00,-3.677740549951522553e+00
1.578719145350679032e+00,-3.437127635589831698e+00
1.584387145141668007e+00,-4.497987533751938827e+00
1.590055144932657205e+00,-5.060972887731281844e+00
1.595723144723646181e+00,-6.086440930664252846e+00
1.601391144514635156e+00,-5.990254266782130799e+00
1.607059144305624354e+00,-5.011822863596421485e+00
1.612727144096612886e+00,-5.490288133931471748e+00
1.618395143887602083e+00,-5.398702623424469493e+00
1.624063143678591059e+00,-5.642186748805897878e+00
1.629731143469580257e+00,-5.562262293994081119e+00
1.635399143260569232e+00,-5.243309929625752375e+00
1.641067143051557764e+00,-5.131648802900599549e+00
1.646735142842546962e+00,-5.970534096173878424e+00
1.652403142633535937e+00,-6.619676069926754280e+00
1.658071142424525135e+00,-6.829043773702210274e+00
1.663739142215514111e+00,-7.152988581261638501e+00
1.669407142006502864e+00,-7.747912647617908988e+00
1.675075141797491840e+00,-7.698929065282072770e+00
1.680743141588480816e+00,-7.038784096681638403e+00
1.686411141379470013e+00,-6.350095062809714364e+00
1.692079141170458989e+00,-6.634242825668252408e+00
1.697747140961447743e+00,-7.227630219915567977e+00
1.703415140752436718e+00,-6.921005783335203887e+00
1.709083140543425694e+00,-7.258291881835248205e+00
1.714751140334414892e+00,-7.114343498511857433e+00
1.720419140125403867e+00,-6.613100089116528579e+00
1.726087139916393065e+00,-6.399130992214395519e+00
1.731755139707381597e+00,-7.606507499494682634e+00
1.737423139498370794e+00,-7.754310668271955365e+00
1.743091139289359770e+00,-6.830737766798279154e+00
1.748759139080348746e+00,-6.376476297701174190e+00
1.754427138871337943e+00,-6.911522845638160106e+00
1.760095138662326475e+00,-6.828432589018348153e+00
1.765763138453315673e+00,-6.501694299999371651e+00
1.771431138244304648e+00,-6.295298703865228163e+00
1.777099138035293624e+00,-6.397028029804687321e+00
1.782767137826282822e+00,-6.345677690601633003e+00
1.788435137617271353e+00,-6.391651985758016963e+00
1.794103137408260551e+00,-6.455705294769813918e+00
1.799771137199249527e+00,-5.576943000700907760e+00
1.805439136990238724e+00,-4.943153086141592212e+00
1.811107136781227700e+00,-4.951901365712274128e+00
1.816775136572216676e+00,-5.205099357158815110e+00
1.822443136363205429e+00,-4.815095589946054133e+00
1.828111136154194405e+00,-3.151074531037806992e+00
1.833779135945183603e+00,-2.370672795836640034e+00
1.839447135736172578e+00,-2.087215476307051176e+00
1.845115135527161554e+00,-2.488978836288652019e+00
1.850783135318150308e+00,-1.986346073214349417e+00
1.856451135109139283e+00,-1.623977728267846032e+00
1.862119134900128481e+00,-1.292176432476139780e+00
1.867787134691117457e+00,-1.584797062959637515e+00
1.873455134482106654e+00,-1.771597817151928211e+00
1.879123134273095186e+00,-1.502036599517623472e+00
1.884791134064084384e+00,-1.117954127020993838e+00
1.890459133855073359e+00,-7.826632845956282836e-01
1.896127133646062335e+00,-4.346844767059110382e-01
1.901795133437051533e+00,6.412204843377367069e-02
1.907463133228040064e+00,9.580965085525576796e-01
1.913131133019029262e+00,9.517813757809108210e-01
1.918799132810018238e+00,1.379173982724068992e+00
1.924467132601007213e+00,1.560172540894200210e+00
1.930135132391996411e+00,1.764931609458813000e+00
1.935803132182985387e+00,1.884272251492461692e+00
1.941471131973974140e+00,2.140436428506404809e+00
1.947139131764963116e+00,2.312001551231787744e+00
1.952807131555952314e+00,3.080926378054755332e+00
1.958475131346941289e+00,3.759601796268611906e+00
1.964143131137930265e+00,4.083514396291207049e+00
1.969811130928919019e+00,3.685977916978004032e+00
1.975479130719907994e+00,3.638904729996966125e+00
1.981147130510897192e+00,3.994798027328670287e+00
1.986815130301886168e+00,4.899178579078466100e+00
1.992483130092875143e+00,5.672188737383066837e+00
1.998151129883863897e+00,5.714720366098049453e+00
2.003819129674853095e+00,6.118217086891490908e+00
2.009487129465842070e+00,6.724427697212377097e+00
2.015155129256831046e+00,6.661905193728784980e+00
2.020823129047820021e+00,7.070310443244693488e+00
2.026491128838808997e+00,7.476326125138484713e+00
2.032159128629797973e+00,7.305499136581261155e+00
2.037827128420786948e+00,6.934365144274920567e+00
2.043495128211775924e+00,7.179035010234315450e+00
2.049163128002764900e+00,7.706876920692479871e+00
2.054831127793754320e+00,8.671098905633016329e+00
2.060499127584742851e+00,8.616205381757822579e+00
2.066167127375731827e+00,8.710663168112546373e+00
2.071835127166720802e+00,9.503310177493517585e+00
2.077503126957709778e+00,9.031814889102520283e+00
2.083171126748699198e+00,8.828108477454293279e+00
2.088839126539687729e+00,9.186023972531984327e+00
2.094507126330676705e+00,9.420085322287832241e+00
2.100175126121665681e+00,9.927885322329757400e+00
2.105843125912654656e+00,1.026003190498533968e+01
2.111511125703644076e+00,1.025668378383159052e+01
2.117179125494632608e+00,1.007928873494552136e+01
2.122847125285621583e+00,9.717724710185393633e+00
2.128515125076610559e+00,9.807987825472082477e+00
2.134183124867599535e+00,1.002757770109394642e+01
2.139851124658588954e+00,1.011624820918416390e+01
2.145519124449577930e+00,1.009030311296203308e+01
2.151187124240566462e+00,1.025285037486605688e+01
2.156855124031555437e+00,1.079054287920894240e+01
2.162523123822544857e+00,1.125667169389794253e+01
2.168191123613533833e+00,1.131683257434031020e+01
2.173859123404522808e+00,1.173104266266091145e+01
2.179527123195511340e+00,1.163926294864211286e+01
2.185195122986500316e+00,1.187005305487855367e+01
2.190863122777489735e+00,1.217659418599555465e+01
2.196531122568478711e+00,1.227648405052536873e+01
2.202199122359467687e+00,1.262541850153070300e+01
2.207867122150456218e+00,1.208589270848153774e+01
2.213535121941445194e+00,1.137550437990933005e+01
2.219203121732434614e+00,1.080077944700258286e+01
2.224871121523423589e+00,1.092453046204309430e+01
2.230539121314412565e+00,1.122186245778141256e+01
2.236207121105401097e+00,1.073617880681206316e+01
2.241875120896390072e+00,1.035658600672968532e+01
2.247543120687379492e+00,1.078969512790854424e+01
2.253211120478368468e+00,1.143248465293675054e+01
2.258879120269357443e+00,1.145738441452567713e+01
2.264547120060346419e+00,1.170686819070022011e+01
2.270215119851335395e+00,1.283084384151572976e+01
2.275883119642324370e+00,1.325595262546517006e+01
2.281551119433313346e+00,1.379384556666661865e+01
2.287219119224302322e+00,1.372596128689440320e+01
2.292887119015291297e+00,1.356579407198535137e+01
2.298555118806280273e+00,1.303808088355731343e+01
2.304223118597269249e+00,1.293542977697859442e+01
2.309891118388258224e+00,1.309573689355454462e+01
2.315559118179247200e+00,1.275960833552835538e+01
2.321227117970236176e+00,1.249608038092446805e+01
2.326895117761225151e+00,1.257761948354823289e+01
2.332563117552214127e+00,1.262093037845511390e+01
2.338231117343203103e+00,1.229465871866932503e+01
2.343899117134192078e+00,1.141411763768439869e+01
2.349567116925181054e+00,1.067077993696170779e+01
2.355235116716170474e+00,1.086640894530694368e+01
2.360903116507159005e+00,1.208188151878596273e+01
2.366571116298147981e+00,1.302899395453846410e+01
2.372239116089136957e+00,1.196690558868249354e+01
2.377907115880125932e+00,1.140831579639984739e+01
2.383575115671115352e+00,1.173189074974584400e+01
2.389243115462103884e+00,1.217902855437068865e+01
2.394911115253092859e+00,1.292752868311174552e+01
2.400579115044081835e+00,1.905368914396228774e+01
2.406247114835071255e+00,3.292232112850956582e+01
2.411915114626060230e+00,2.218925145334139870e+01
2.417583114417048762e+00,9.254752735826059507e+00
2.423251114208037738e+00,7.477166440987957685e+00
2.428919113999026713e+00,6.941884815102525863e+00
2.434587113790016133e+00,6.191514459913037172e+00
2.440255113581005109e+00,4.748764516225378429e+00
2.445923113371993640e+00,4.105521370939754888e+00
2.451591113162982616e+00,3.830331567205689680e+00
2.457259112953971592e+00,3.872784128641910684e+00
2.462927112744961011e+00,3.290134094492032091e+00
2.468595112535949543e+00,2.674060332123985972e+00
2.474263112326938518e+00,1.784942689258969040e+00
2.479931112117927494e+00,1.388165130336233233e+00
2.485599111908916914e+00,1.688198342334999325e+00
2.491267111699905890e+00,1.858507152859147027e+00
2.496935111490894865e+00,1.394211662950510799e+00
2.502603111281883397e+00,9.062156650563792937e-01
2.508271111072872372e+00,2.588409203750643428e-01
2.513939110863861792e+00,-4.869965716143269674e-01
2.519607110654850768e+00,-7.386425301834833590e-01
2.525275110445839744e+00,-1.616150194133979312e+00
2.530943110236828275e+00,-2.222177782737048801e+00
2.536611110027817251e+00,-1.836507538700743680e+00
2.542279109818806671e+00,-2.416682867652752975e-01
2.547947109609795646e+00,-1.966292813577865672e-01
2.553615109400784622e+00,-1.734590733936329343e+00
2.559283109191773153e+00,-2.203511156741228660e+00
2.564951108982762129e+00,-2.230279726074172686e+00
2.570619108773751549e+00,-2.516309544018668021e+00
2.576287108564740524e+00,-3.241041056408676013e+00
2.581955108355729500e+00,-4.442007970795884830e+00
2.587623108146718476e+00,-5.140325690714576012e+00
2.593291107937707451e+00,-5.562371462220426110e+00
2.598959107728696427e+00,-5.675611551570000302e+00
2.604627107519685403e+00,-6.218325213300886389e+00
2.610295107310674378e+00,-6.142475783981581117e+00
2.615963107101663354e+00,-5.275575916588081782e+00
2.621631106892652330e+00,-5.313119221125930380e+00
2.627299106683641305e+00,-6.026160831039419463e+00
2.632967106474630281e+00,-6.613734395397500521e+00
2.638635106265619257e+00,-7.075898953894011356e+00
2.644303106056608232e+00,-6.834344405597789773e+00
2.649971105847597208e+00,-5.784332426921423576e+00
2.655639105638586184e+00,-5.793109557558636880e+00
2.661307105429575159e+00,-5.949113743453722236e+00
2.666975105220564135e+00,-6.357994844613017449e+00
2.672643105011553111e+00,-5.035864146824224008e+00
2.678311104802542086e+00,-4.382194752280724970e+00
2.683979104593531062e+00,-5.549633591301926572e+00
2.689647104384520038e+00,-5.970246539518825557e+00
2.695315104175509013e+00,-5.505176621000828163e+00
2.700983103966497989e+00,-4.961733975435208777e+00
2.706651103757487409e+00,-4.474804919828102356e+00
2.712319103548475940e+00,-4.521561050866466758e+00
2.717987103339464916e+00,-4.619151992581805644e+00
2.723655103130453892e+00,-4.283994947129599495e+00
2.729323102921443311e+00,-3.831884558072601976e+00
2.734991102712432287e+00,-3.223818105691293567e+00
2.740659102503420819e+00,-2.705216698392177932e+00
2.746327102294409794e+00,-2.692582987549599238e+00
2.751995102085398770e+00,-2.216616401882220089e+00
2.757663101876388190e+00,-4.697595341708620253e-01
2.763331101667377165e+00,1.050369241553084976e+00
2.768999101458365697e+00,9.981901254776630594e-01
2.774667101249354673e+00,1.413926540446709623e+00
2.780335101040343648e+00,3.669466948367244186e+00
2.786003100831333068e+00,7.936199322863785710e+00
2.791671100622322044e+00,7.865553141468126341e+00
2.797339100413310575e+00,5.111826534055694538e+00
2.803007100204299551e+00,4.518221439095441383e+00
2.808675099995288527e+00,4.852744482556090588e+00
2.814343099786277946e+00,5.652567229015858175e+00
2.820011099577266922e+00,5.977016602956837232e+00
2.825679099368255898e+00,6.845136225282089981e+00
2.831347099159244429e+00,8.610808584082974448e+00
2.837015098950233849e+00,9.793992827606530227e+00
2.842683098741222825e+00,1.100162320175650166e+01
2.848351098532211800e+00,1.243462809306095096e+01
2.854019098323200776e+00,1.357011997007953141e+01
2.859687098114189308e+00,1.455958874277860104e+01
2.865355097905178727e+00,1.586244668440542682e+01
2.871023097696167703e+00,1.767419005258182096e+01
2.876691097487156679e+00,1.949835953852391413e+01
2.882359097278145654e+00,2.103411350922908696e+01
2.888027097069134186e+00,2.268928953091312906e+01
2.893695096860123606e+00,2.410103425182308001e+01
2.899363096651112581e+00,2.566101092176904785e+01
2.905031096442101557e+00,2.725184958743534480e+01
2.910699096233090533e+00,2.932692004160105625e+01
2.916367096024079508e+00,3.135851297548128969e+01
2.922035095815068484e+00,3.393281068185535787e+01
2.927703095606057460e+00,3.664533374998450199e+01
2.933371095397046435e+00,3.902147304490995339e+01
2.939039095188035411e+00,4.122565743518634918e+01
2.944707094979024387e+00,4.356782360186957703e+01
2.950375094770013362e+00,4.613476369476450145e+01
2.956043094561002338e+00,4.918856283242666905e+01
2.961711094351991314e+00,5.259323484434855800e+01
2.967379094142980289e+00,5.649617979049196492e+01
2.973047093933969709e+00,6.065185339488107275e+01
2.978715093724958241e+00,6.513221626435199596e+01
2.984383093515947216e+00,6.944788867371050856e+01
2.990051093306936192e+00,7.425939324151158871e+01
2.995719093097925168e+00,7.933955727381078304e+01
3.001387092888914587e+00,8.534096881885045605e+01
3.007055092679903119e+00,9.263942149128001802e+01
3.012723092470892094e+00,1.011660067573111519e+02
3.018391092261881070e+00,1.111160983097174721e+02
3.024059092052870046e+00,1.230894277514296391e+02
3.029727091843859466e+00,1.363950772713151309e+02
3.035395091634848441e+00,1.530251734918357442e+02
3.041063091425836973e+00,1.737243454087198415e+02
3.046731091216825948e+00,1.984498682295139815e+02
3.052399091007815368e+00,2.281461386756559477e+02
3.058067090798804344e+00,2.654223483904592058e+02
3.063735090589793320e+00,3.135368589391121077e+02
3.069403090380781851e+00,3.722738497578963006e+02
3.075071090171770827e+00,4.448243606346566139e+02
3.080739089962760247e+00,5.343590456150496948e+02
3.086407089753749222e+00,6.443180899947326452e+02
3.092075089544738198e+00,7.771977093428000671e+02
3.097743089335726729e+00,9.295723662986587215e+02
3.103411089126715705e+00,1.100057050845465710e+03
3.109079088917705125e+00,1.276871245153878135e+03
3.114747088708694100e+00,1.448543635496115485e+03
3.120415088499683076e+00,1.591191897402209406e+03
3.126083088290672052e+00,1.674285024761566774e+03
3.131751088081660583e+00,1.693486835682345372e+03
3.137419087872650003e+00,1.649262906085201394e+03
3.143087087663638979e+00,1.538258255250166940e+03
3.148755087454627954e+00,1.379676374136961840e+03
3.154423087245616930e+00,1.195678029039204375e+03
3.160091087036605906e+00,1.009403600281423792e+03
3.165759086827594881e+00,8.376135853189225600e+02
3.171427086618583857e+00,6.855004884429413323e+02
3.177095086409572833e+00,5.585738305462829203e+02
3.182763086200561808e+00,4.562855153342501353e+02
3.188431085991550784e+00,3.746210768832397662e+02
3.194099085782539760e+00,3.120317475118361017e+02
3.199767085573528735e+00,2.615531101245607033e+02
3.205435085364517711e+00,2.220209795595291098e+02
3.211103085155506687e+00,1.921080847173564052e+02
3.216771084946495662e+00,1.679455285220960832e+02
3.222439084737484638e+00,1.489053196595194777e+02
3.228107084528473614e+00,1.329809878114919002e+02
3.233775084319462589e+00,1.206616681286291168e+02
3.239443084110451565e+00,1.099059781834212117e+02
3.245111083901440985e+00,1.006953626967965647e+02
3.250779083692429516e+00,9.377023855765116878e+01
3.256447083483418492e+00,8.760094208847613118e+01
3.262115083274407468e+00,8.103903519769914965e+01
3.267783083065396443e+00,7.555412173840443302e+01
3.273451082856385863e+00,7.165187715089575704e+01
3.279119082647374395e+00,6.795046462091420381e+01
3.284787082438363370e+00,6.488762741232631015e+01
3.290455082229352346e+00,6.209056191399861291e+01
3.296123082020341766e+00,5.922577115542151205e+01
3.301791081811330741e+00,5.654990709186870390e+01
3.307459081602319273e+00,5.457926523329945212e+01
3.313127081393308249e+00,5.293463327717415723e+01
3.318795081184297224e+00,5.106467978032765132e+01
3.324463080975286644e+00,4.930509722537647121e+01
3.330131080766275620e+00,4.793151950118658533e+01
3.335799080557264151e+00,4.651602825053089418e+01
3.341467080348253127e+00,4.493881058493184355e+01
3.347135080139242103e+00,4.335843496356801552e+01
3.352803079930231522e+00,4.272936828311844693e+01
3.358471079721220498e+00,4.201407304573058354e+01
3.364139079512209474e+00,4.101857864808334853e+01
3.369807079303198005e+00,3.991463714310532396e+01
3.375475079094186981e+00,3.962198642356918299e+01
3.381143078885176401e+00,3.952185115858571862e+01
3.386811078676165376e+00,3.887362968511740746e+01
3.392479078467154352e+00,3.802992098365257334e+01
3.398147078258142884e+00,3.725097784327329009e+01
3.403815078049132303e+00,3.710253401009276786e+01
3.409483077840121279e+00,3.658831151147467153e+01
3.415151077631110255e+00,3.656634145681300652e+01
3.420819077422099230e+00,3.681140300237757401e+01
3.426487077213087762e+00,3.583289444506283417e+01
3.432155077004077182e+00,3.451789962863858818e+01
3.437823076795066157e+00,3.418355610781145515e+01
3.443491076586055133e+00,3.402297799978862258e+01
3.449159076377044109e+00,3.360739221474614169e+01
3.454827076168033084e+00,3.284878494020335893e+01
3.460495075959022060e+00,3.243917166055462076e+01
3.466163075750011036e+00,3.187678123910097838e+01
3.471831075541000011e+00,3.152410035164302826e+01
3.477499075331988987e+00,3.151967768570057160e+01
3.483167075122977963e+00,3.147020157723034117e+01
3.488835074913966938e+00,3.098339795984600187e+01
3.494503074704955914e+00,3.031512505741079622e+01
3.500171074495944890e+00,2.964159007901014320e+01
3.505839074286933865e+00,2.896578242632290312e+01
3.511507074077922841e+00,2.869706357134089103e+01
3.517175073868911817e+00,2.863169684152421723e+01
3.522843073659900792e+00,2.838235181433333310e+01
3.528511073450889768e+00,2.735204230550993998e+01
3.534179073241878744e+00,2.613427285345210294e+01
3.539847073032868163e+00,2.525888832858856858e+01
3.545515072823856695e+00,2.483550655056751566e+01
3.551183072614845671e+00,2.471831321013053184e+01
3.556851072405834646e+00,2.485298569723784112e+01
3.562519072196823622e+00,2.463344358935012224e+01
3.568187071987813042e+00,2.399144826080237181e+01
3.573855071778802017e+00,2.304784799999299594e+01
3.579523071569790549e+00,2.225680408360028650e+01
3.585191071360779524e+00,2.155557105002287699e+01
3.590859071151768500e+00,2.094903039078360507e+01
3.596527070942757920e+00,2.026402404662348999e+01
3.602195070733746896e+00,1.969580216141002893e+01
3.607863070524735427e+00,1.914322813130979739e+01
3.613531070315724403e+00,1.806333174059943758e+01
3.619199070106713823e+00,1.715850407273069322e+01
3.624867069897702798e+00,1.690347507834269436e+01
3.630535069688691774e+00,1.691451523541888946e+01
3.636203069479680305e+00,1.627322705319204488e+01
3.641871069270669281e+00,1.517492153698935908e+01
3.647539069061658701e+00,1.490524172338734843e+01
3.653207068852647676e+00,1.417835848099457507e+01
3.658875068643636652e+00,1.346039580341857800e+01
3.664543068434625628e+00,1.290754116083053304e+01
3.670211068225614159e+00,1.277919247261934288e+01
3.675879068016603579e+00,1.309658847848709229e+01
3.681547067807592555e+00,1.345207387516700237e+01
3.687215067598581530e+00,1.362952167970433948e+01
3.692883067389570506e+00,1.335891086617607471e+01
3.698551067180559038e+00,1.228159736178429284e+01
3.704219066971548457e+00,1.193572664451210130e+01
3.709887066762537433e+00,1.285584311812374381e+01
3.715555066553526409e+00,1.233485300278948671e+01
3.721223066344515384e+00,1.043061610716722498e+01
3.726891066135504360e+00,9.456302199329343239e+00
3.732559065926493780e+00,8.907698210054377341e+00
3.738227065717482756e+00,8.064526616995294717e+00
3.743895065508471731e+00,7.530789682961994913e+00
3.749563065299460707e+00,7.511319748888581671e+00
3.755231065090449238e+00,7.127392026803818226e+00
3.760899064881438214e+00,6.072852529516580944e+00
3.766567064672427190e+00,5.033063383118133061e+00
3.772235064463416165e+00,4.908840815261669377e+00
3.777903064254405141e+00,5.238330155162771007e+00
3.783571064045394561e+00,5.435836400006110125e+00
3.789239063836383536e+00,5.132278316507267846e+00
3.794907063627372512e+00,4.714983362788530030e+00
3.800575063418361488e+00,4.726369329002864106e+00
3.806243063209350463e+00,6.428763673272442247e+00
3.811911063000339883e+00,9.132223345906936629e+00
3.817579062791327971e+00,7.496231566746814678e+00
3.823247062582316946e+00,4.585606028289134883e+00
3.828915062373305922e+00,3.526687860531069418e+00
3.834583062164294898e+00,2.659624324478045310e+00
3.840251061955284317e+00,1.588844822357486919e+00
3.845919061746273293e+00,7.080853756866645199e-01
3.851587061537262269e+00,7.280375723888710127e-01
3.857255061328251244e+00,6.308163402316040447e-01
3.862923061119240220e+00,9.690932476064517687e-01
3.868591060910229640e+00,1.148628241812389206e+00
3.874259060701217727e+00,6.472637896788455691e-01
3.879927060492206703e+00,3.520830806916137590e-01
3.885595060283195679e+00,2.641829762119414227e-01
3.891263060074185098e+00,9.854293805694851471e-01
3.896931059865174074e+00,1.519543666843674146e+00
3.902599059656163050e+00,1.030830704208142379e+00
3.908267059447152025e+00,-3.454428660131725337e-02
3.913935059238141001e+00,-3.800742879735707902e-01
3.919603059029130421e+00,3.822394169209246684e-01
3.925271058820119396e+00,9.898218144430757093e-01
3.930939058611108372e+00,6.653273831414026063e-01
3.936607058402096460e+00,6.091499609544825944e-02
3.942275058193085435e+00,-2.105020790836533706e-01
3.947943057984074855e+00,-4.195555150993186544e-01
3.953611057775063831e+00,-9.536094512975523685e-02
3.959279057566052806e+00,2.004952760821652191e-01
3.964947057357041782e+00,6.469095395016211114e-02
3.970615057148030758e+00,-6.761766725182951632e-01
3.976283056939020177e+00,-9.177393682219872062e-01
3.981951056730009153e+00,-5.743666910285583072e-01
3.987619056520998129e+00,-3.275180425558801289e-01
3.993287056311987104e+00,-7.699687423901195871e-01
3.998955056102975636e+00,-1.071581512461079910e+00
4.004623055893964612e+00,-1.357175129386973822e+00
4.010291055684953143e+00,-1.594646983066127177e+00
4.015959055475942563e+00,-1.784670342303797952e+00
4.021627055266931983e+00,-1.771119159498880435e+00
4.027295055057920514e+00,-1.886270707362768917e+00
4.032963054848909934e+00,-1.822631750794243999e+00
4.038631054639898466e+00,-1.624149484379699970e+00
4.044299054430887885e+00,-1.897515243330417434e+00
4.049967054221877305e+00,-2.314361769107676992e+00
4.055635054012864948e+00,-2.733943873485713993e+00
4.061303053803854368e+00,-2.536451442834049885e+00
4.066971053594843788e+00,-2.217797083781420042e+00
4.072639053385832320e+00,-2.265287461927641743e+00
4.078307053176821739e+00,-2.236297602247759642e+00
4.083975052967810271e+00,-2.613800674247727329e+00
4.089643052758799691e+00,-2.765718577902134712e+00
4.095311052549789110e+00,-2.887365791310912755e+00
4.100979052340777642e+00,-2.842452788667856112e+00
4.106647052131767062e+00,-2.472473247290963627e+00
4.112315051922755593e+00,-2.019799750749257328e+00
4.117983051713744125e+00,-2.255064159954940806e+00
4.123651051504733545e+00,-2.999801656132490280e+00
4.129319051295722076e+00,-3.078416072850814089e+00
4.134987051086711496e+00,-3.005679896022002140e+00
4.140655050877700027e+00,-3.314615123277349085e+00
4.146323050668689447e+00,-3.356297951466331142e+00
4.151991050459678867e+00,-3.349236218063765591e+00
4.157659050250667399e+00,-3.786229752732310772e+00
4.163327050041656818e+00,-3.784956314821442902e+00
4.168995049832645350e+00,-3.636616612899842949e+00
4.174663049623633881e+00,-3.419215568696358787e+00
4.180331049414623301e+00,-2.660160015176302295e+00
4.185999049205611833e+00,-2.732376818777311200e+00
4.191667048996601252e+00,-3.077091185781455351e+00
4.197335048787589784e+00,-2.928680177938758789e+00
4.203003048578579204e+00,-2.410497907781518734e+00
4.208671048369568624e+00,-2.449548390184872915e+00
4.214339048160557155e+00,-2.554195503305550119e+00
4.220007047951546575e+00,-2.368545312800506508e+00
4.225675047742535106e+00,-2.122519314014084557e+00
4.231343047533524526e+00,-2.019000428071080933e+00
4.237011047324513058e+00,-1.478950189378906543e+00
4.242679047115501589e+00,-1.553823296406676491e+00
4.248347046906491009e+00,-1.885650619498392189e+00
4.254015046697480429e+00,-1.029426896186009799e+00
4.259683046488468960e+00,3.192891711548782041e-01
4.265351046279458380e+00,9.258763801493614665e-01
4.271019046070446912e+00,1.661426419046165393e+00
4.276687045861436332e+00,2.429684784689129629e+00
4.282355045652424863e+00,3.549069825483798013e+00
4.288023045443414283e+00,5.352282104206892654e+00
4.293691045234402814e+00,7.586694986430870813e+00
4.299359045025391346e+00,9.570787782567890645e+00
4.305027044816380766e+00,1.090490015459295137e+01
4.310695044607370185e+00,1.227988690119934745e+01
4.316363044398358717e+00,1.453821414920548705e+01
4.322031044189348137e+00,1.722998962699239200e+01
4.327699043980336668e+00,2.025535768403483416e+01
4.333367043771326088e+00,2.439837380261985800e+01
4.339035043562314620e+00,2.936515157050371272e+01
4.344703043353303151e+00,3.474827918481707911e+01
4.350371043144292571e+00,4.157790587784711533e+01
4.356039042935281103e+00,5.058120236625654798e+01
4.361707042726270522e+00,5.736760255030083044e+01
4.367375042517259942e+00,6.309579570132973458e+01
4.373043042308248474e+00,7.152517909850564592e+01
4.378711042099237893e+00,8.095909533349083631e+01
4.384379041890226425e+00,9.003322342372837284e+01
4.390047041681215845e+00,9.983984639056848209e+01
4.395715041472205264e+00,1.100903878803604812e+02
4.401383041263192908e+00,1.193148140092245058e+02
4.407051041054182328e+00,1.267451172176731689e+02
4.412719040845170859e+00,1.327437830995835384e+02
4.418387040636160279e+00,1.364397767410193865e+02
4.424055040427149699e+00,1.390362819780455084e+02
4.429723040218138230e+00,1.389178180959445399e+02
4.435391040009127650e+00,1.359184283057808216e+02
4.441059039800116182e+00,1.305850464436186940e+02
4.446727039591105601e+00,1.225994940408348839e+02
4.452395039382095021e+00,1.140514905780249819e+02
4.458063039173082664e+00,1.050998473326588964e+02
4.463731038964072084e+00,9.501354403923960490e+01
4.469399038755061504e+00,8.490012244398644725e+01
4.475067038546050036e+00,7.584167263296410511e+01
4.480735038337039455e+00,6.765191311020578269e+01
4.486403038128027987e+00,5.952523864927536579e+01
4.492071037919017407e+00,5.179221345733117232e+01
4.497739037710006826e+00,4.535334803059345177e+01
4.503407037500995358e+00,4.026576907622029466e+01
4.509075037291984778e+00,3.709343923887001893e+01
4.514743037082973309e+00,3.410417857565539634e+01
4.520411036873961841e+00,2.914905905913622064e+01
4.526079036664951261e+00,2.226109845323321679e+01
4.531747036455939792e+00,1.594151520546120082e+01
4.537415036246929212e+00,1.182440129849123878e+01
4.543083036037917743e+00,9.009058675931555626e+00
4.548751035828907163e+00,6.768861547015831093e+00
4.554419035619896583e+00,6.074144570196153836e+00
4.560087035410885115e+00,6.676858614861998831e+00
4.565755035201874534e+00,7.641881796497273172e+00
4.571423034992863066e+00,5.300144476678951833e+00
4.577091034783852486e+00,1.381197622452987162e+00
4.582759034574841017e+00,-9.731153186660321808e-01
4.588427034365829549e+00,-1.781656465569426473e+00
4.594095034156818969e+00,-1.785211765273743367e+00
4.599763033947807500e+00,1.347468000481057970e-01
4.605431033738796920e+00,3.818304865410709681e+00
4.611099033529786340e+00,2.315692108797861692e+00
4.616767033320774871e+00,-2.082383276182326881e+00
4.622435033111764291e+00,-3.901802451389812632e+00
4.628103032902752823e+00,-4.472767876067791804e+00
4.633771032693742242e+00,-4.535394152113553901e+00
4.639439032484730774e+00,-4.867759756932400705e+00
4.645107032275719305e+00,-5.206744437460884001e+00
4.650775032066708725e+00,-5.279523350791237135e+00
4.656443031857697257e+00,-4.670022142297966639e+00
4.662111031648686676e+00,-3.809334426104328486e+00
4.667779031439676096e+00,-3.744581648365965520e+00
4.673447031230664628e+00,-4.942807130237838464e+00
4.679115031021654048e+00,-5.961142083500135413e+00
4.684783030812642579e+00,-6.577054633995658151e+00
4.690451030603631999e+00,-6.584492399754140024e+00
4.696119030394621419e+00,-6.891294600368610190e+00
4.701787030185609062e+00,-6.907863931994256745e+00
4.707455029976598482e+00,-7.078416567348540411e+00
4.713123029767587902e+00,-7.547608132274035597e+00
4.718791029558576433e+00,-7.496593276051157773e+00
4.724459029349565853e+00,-7.499532019053503973e+00
4.730127029140554384e+00,-7.682159088686603354e+00
4.735795028931543804e+00,-7.570233626417802952e+00
4.741463028722533224e+00,-7.176087046710563300e+00
4.747131028513521755e+00,-6.874233410698479929e+00
4.752799028304511175e+00,-6.681154560323307123e+00
4.758467028095498819e+00,-6.807179993776571791e+00
4.764135027886488238e+00,-6.892570849874914529e+00
4.769803027677477658e+00,-6.890393443216680680e+00
4.775471027468466190e+00,-7.026175025899874527e+00
4.781139027259455609e+00,-6.833670389084545604e+00
4.786807027050444141e+00,-6.347000534868925570e+00
4.792475026841433561e+00,-6.116704922382155019e+00
4.798143026632422981e+00,-6.018274182628601920e+00
4.803811026423411512e+00,-6.073500216143543184e+00
4.809479026214400932e+00,-5.612890743775210467e+00
4.815147026005389463e+00,-5.014316767621494364e+00
4.820815025796377995e+00,-5.059702024155171785e+00
4.826483025587367415e+00,-5.307886753755724385e+00
4.832151025378355946e+00,-5.041649185083542761e+00
4.837819025169345366e+00,-4.820623015548790136e+00
4.843487024960333898e+00,-4.866124071468789225e+00
4.849155024751323317e+00,-4.604546304159839565e+00
4.854823024542312737e+00,-3.986819804300012038e+00
4.860491024333301269e+00,-3.758430352825030241e+00
4.866159024124290688e+00,-3.389534147375343309e+00
4.871827023915279220e+00,-3.094244905122650380e+00
4.877495023706267752e+00,-2.994024976051605336e+00
4.883163023497257171e+00,-2.728891397646179939e+00
4.888831023288245703e+00,-2.442340211297391761e+00
4.894499023079235123e+00,-2.695531032614098876e+00
4.900167022870223654e+00,-3.163881289705955169e+00
4.905835022661213074e+00,-2.852825500525796087e+00
4.911503022452202494e+00,-2.552160975995661829e+00
4.917171022243191025e+00,-2.291614226256115217e+00
4.922839022034180445e+00,-2.677388812228969073e+00
4.928507021825168977e+00,-3.018569154210808847e+00
4.934175021616158396e+00,-2.743441332655152110e+00
4.939843021407146928e+00,-2.278094162389720623e+00
4.945511021198135460e+00,-1.630098391836668270e+00
4.951179020989124879e+00,-1.403521351448603127e+00
4.956847020780114299e+00,-8.423229498039290775e-01
4.962515020571102831e+00,-4.718351657932089438e-01
4.968183020362092250e+00,-7.602610778902771926e-01
4.973851020153080782e+00,-3.047100379014864302e-01
4.979519019944070202e+00,-1.180628878415745930e-01
4.985187019735059621e+00,2.531081240248340691e-01
4.990855019526048153e+00,4.175652220891379329e-01
4.996523019317036685e+00,4.192512948055764355e-01
5.002191019108025216e+00,2.723851095342979534e-01
5.007859018899014636e+00,3.930409023856782369e-01
5.013527018690004056e+00,9.266630266575930364e-01
5.019195018480992587e+00,1.037067417679054415e+00
5.024863018271982007e+00,5.878380771853244369e-01
5.030531018062970539e+00,1.036125901443028852e+00
5.036199017853959958e+00,1.378632567968679723e+00
5.041867017644949378e+00,1.093993348028789114e+00
5.047535017435937910e+00,8.352819894524827760e-01
5.053203017226927329e+00,1.580401341631500145e+00
5.058871017017914973e+00,1.800540386769625911e+00
5.064539016808904393e+00,2.126678146133485825e+00
5.070207016599893812e+00,2.468846375364819323e+00
5.075875016390882344e+00,2.421952318386274783e+00
5.081543016181871764e+00,2.472809952187844829e+00
5.087211015972860295e+00,2.530474443840944332e+00
5.092879015763849715e+00,2.853427224734332412e+00
5.098547015554839135e+00,3.814712714537904503e+00
5.104215015345827666e+00,4.193198086827351290e+00
5.109883015136817086e+00,4.420216335491659265e+00
5.115551014927805618e+00,4.818152700513110176e+00
5.121219014718794149e+00,4.872539394530235768e+00
5.126887014509783569e+00,5.777343688775431474e+00
5.132555014300772100e+00,6.224823870106206414e+00
5.138223014091761520e+00,6.529613713660978647e+00
5.143891013882750052e+00,6.991454416453620979e+00
5.149559013673739472e+00,7.557670183309824097e+00
5.155227013464728891e+00,8.165392347962438180e+00
5.160895013255717423e+00,8.813580857424653914e+00
5.166563013046706843e+00,9.602147807147730418e+00
5.172231012837695374e+00,9.373742108989290500e+00
5.177899012628683906e+00,9.565983377931161158e+00
5.183567012419673325e+00,1.047061720551869257e+01
5.189235012210661857e+00,1.139385451532768911e+01
5.194903012001651277e+00,1.222277780831086602e+01
5.200571011792640697e+00,1.302488948867653562e+01
5.206239011583629228e+00,1.337214752238401161e+01
5.211907011374618648e+00,1.414131944570590349e+01
5.217575011165607179e+00,1.500250775585163865e+01
5.223243010956596599e+00,1.640602735237462184e+01
5.228911010747586019e+00,1.776715895514087151e+01
5.234579010538574551e+00,1.867873455354765611e+01
5.240247010329563082e+00,1.923285371511678932e+01
5.245915010120551614e+00,2.054828837065213065e+01
5.251583009911541033e+00,2.208145693533174381e+01
5.257251009702530453e+00,2.359584569542801091e+01
5.262919009493518985e+00,2.496297316377547304e+01
5.268587009284508405e+00,2.718424066570912601e+01
5.274255009075496936e+00,2.981537081562566982e+01
5.279923008866486356e+00,3.213510868885998661e+01
5.285591008657475776e+00,3.457313930215320852e+01
5.291259008448464307e+00,3.727557833630839923e+01
5.296927008239452839e+00,4.060533834712907719e+01
5.302595008030441370e+00,4.411588364823126085e+01
5.308263007821430790e+00,4.822292220134409035e+01
5.313931007612420210e+00,5.314727669736839744e+01
5.319599007403408741e+00,5.852865410031813553e+01
5.325267007194398161e+00,6.589720326873828071e+01
5.330935006985386693e+00,7.420574151820540010e+01
5.336603006776376112e+00,8.268449094945242450e+01
5.342271006567365532e+00,9.357533137805569368e+01
5.347939006358354064e+00,1.053301645922477974e+02
5.353607006149343484e+00,1.189438611302616664e+02
5.359275005940332015e+00,1.347717041279864816e+02
5.364943005731320547e+00,1.523379220338105142e+02
5.370611005522309966e+00,1.714357252297171499e+02
5.376279005313298498e+00,1.918300648203450010e+02
5.381947005104287918e+00,2.132501253087707482e+02
5.387615004895277337e+00,2.347640194207269815e+02
5.393283004686265869e+00,2.549023842960090178e+02
5.398951004477255289e+00,2.721492262150370607e+02
5.404619004268243820e+00,2.868943131769813135e+02
5.410287004059233240e+00,2.987974327122619798e+02
5.415955003850221772e+00,3.046545417848930128e+02
5.421623003641210303e+00,3.039748541912158544e+02
5.427291003432199723e+00,2.983385065646939438e+02
5.432959003223188255e+00,2.876713386601800266e+02
5.438627003014177674e+00,2.727308552715901442e+02
5.444295002805167094e+00,2.545103400014338604e+02
5.449963002596155626e+00,2.349209841670641481e+02
5.455631002387145045e+00,2.147454390467719350e+02
5.461299002178133577e+00,1.938551620711914438e+02
5.466967001969122997e+00,1.738819866475196250e+02
5.472635001760112416e+00,1.552706734290474060e+02
5.478303001551100060e+00,1.379550577760963961e+02
5.483971001342089480e+00,1.224359916505515002e+02
5.489639001133078011e+00,1.082135945924217140e+02
5.495307000924067431e+00,9.652699981359194226e+01
5.500975000715056851e+00,8.722331171735254429e+01
5.506643000506045382e+00,7.920017181636933401e+01
5.512311000297034802e+00,7.260839545143323903e+01
5.517979000088023334e+00,6.688273351020927748e+01
5.523646999879012753e+00,6.085844957567633173e+01
5.529314999670002173e+00,5.650538975034373834e+01
5.534982999460989816e+00,5.322003587492213228e+01
5.540650999251979236e+00,4.947986342652257008e+01
5.546318999042967768e+00,4.719093674545672457e+01
5.551986998833957188e+00,4.524259653922399593e+01
5.557654998624946607e+00,4.345735001923071650e+01
5.563322998415935139e+00,4.148112968985128646e+01
5.568990998206924559e+00,4.018844471561612863e+01
5.574658997997913090e+00,3.903199029621271166e+01
5.580326997788902510e+00,3.725083858445282203e+01
5.585994997579891930e+00,3.723964034643017840e+01
5.591662997370880461e+00,3.776200386776872620e+01
5.597330997161868993e+00,3.695012874268729774e+01
5.602998996952858413e+00,3.694268429196642956e+01
5.608666996743846944e+00,3.663078124263699920e+01
5.614334996534836364e+00,3.595667778266727055e+01
5.620002996325824896e+00,3.512544948283812118e+01
5.625670996116814315e+00,3.548804593736781499e+01
5.631338995907803735e+00,3.603933763891222952e+01
5.637006995698792267e+00,3.627456129106451499e+01
5.642674995489781686e+00,3.624632664429316264e+01
5.648342995280770218e+00,3.676999979585082201e+01
5.654010995071759638e+00,3.725664996450313993e+01
5.659678994862748169e+00,3.756314714939389887e+01
5.665346994653736701e+00,3.801450099810426764e+01
5.671014994444726121e+00,3.866618990821598345e+01
5.676682994235714652e+00,3.855068202340368089e+01
5.682350994026704072e+00,3.862201531156148349e+01
5.688018993817693492e+00,3.958032149058311688e+01
5.693686993608682023e+00,4.151416001273690881e+01
5.699354993399671443e+00,4.218573534982380124e+01
5.705022993190659975e+00,4.407948097754945138e+01
5.710690992981649394e+00,4.525789433646423277e+01
5.716358992772637926e+00,4.582577023039931419e+01
5.722026992563626457e+00,4.576900697881097813e+01
5.727694992354615877e+00,4.582576120193709812e+01
5.733362992145604409e+00,4.660473395360861559e+01
5.739030991936593828e+00,4.715023419781311986e+01
5.744698991727583248e+00,4.818546494150717763e+01
5.750366991518571780e+00,4.987094608617820768e+01
5.756034991309561200e+00,5.135645534581385618e+01
5.761702991100549731e+00,nan
5.767370990891539151e+00,nan
5.773038990682528571e+00,nan
5.778706990473516214e+00,nan
5.784374990264505634e+00,nan
5.790042990055494165e+00,nan
5.795710989846483585e+00,nan
5.801378989637473005e+00,nan
5.807046989428461536e+00,nan
5.812714989219450956e+00,nan
5.818382989010439488e+00,nan
5.824050988801428907e+00,nan
5.829718988592418327e+00,nan
5.835386988383405971e+00,nan
5.841054988174395390e+00,nan
5.846722987965384810e+00,nan
5.852390987756373342e+00,nan
5.858058987547362761e+00,nan
5.863726987338351293e+00,nan
